,Unnamed: 0,series_uuid,attendance_1,rating_1,session_duration_1,talktime_tutor_pct_1,spoken_token_tutor_pct_1,chat_token_tutor_pct_1,length_utterance_tutor_1,length_utterance_student_1,length_utterance_tutor_chat_1,length_utterance_student_chat_1,ratio_students_engaged_1,normalized_num_student_names_used_1,normalized_num_turns_1,normalized_num_high_uptakes_1,normalized_num_questions_students_1,normalized_num_questions_tutor_1,normalized_student_reasoning_1,arm_name,count_acknowledged,count_reflection_share,count_is_reflected,min_sat_score_series,max_sat_score_series,grade_for_session_1,grade_for_session_2,grade_for_session_3,grade_for_session_4,grade_for_session_7,uptake_session_1,uptake_session_7,normalized_num_eliciting_1,normalized_num_eliciting_7,talktime_1,talktime_7,grade_change,uptake_change,eliciting_change,talktime_change,uptake_policy,eliciting_policy,grade_policy,talktime_policy
0,152,ba4cd8df-0614-4252-b618-17a3b4286aec,4,2.25,85.75598333,0.904837217,0.895680282,0.581395349,409.1186441,47.46428571,40.5,5.571428571,1.0,0.75,1.445963246,0.05830497,0.209897891,0.454778763,3.17e-05,Control,0,0,0,400,490,0.775,0.24,0.7,0.275,0.85,0.654607881,0.707902848,0.198236897,0.10875429,0.904837217,0.990180665,0.3425,0.053294967,-0.089482607,-0.085343448,Control,Control,Control,Tutor Feedback + Socially-Oriented Learner Feedback
1,153,ba5c1899-ac6c-429a-8f51-9ad84ff57b94,4,2.25,91.49265,0.955241065,0.934826609,0.22,593.0,135.2142857,63.0,25.41666667,1.0,4.0,1.133333333,0.122222222,0.077777778,0.366666667,0.02220854,Control,0,0,0,500,590,0.85,0.4,0.9,0.666666667,0.7125,0.713469071,0.77573951,0.211111111,0.08265032,0.955241065,1.0,0.0875,0.062270439,-0.128460791,-0.044758935,Control,Control,Control,Tutor Feedback + Socially-Oriented Learner Feedback
2,154,bac03edf-637b-44a2-8ae2-6b17befbecbb,4,2.25,83.88533333,0.76153079,0.659373909,0.63507109,302.0128205,120.516129,73.42857143,40.57142857,1.0,0.0,2.205391487,0.154973456,0.250341736,0.452999332,0.024099552,Control,0,0,0,500,590,0.85,0.3,0.9,0.4,0.6,0.640257668,0.683105685,0.154973456,0.052986683,0.76153079,0.888852729,0.025,0.042848017,-0.101986773,-0.127321939,Control,Control,Control,Tutor Feedback + Socially-Oriented Learner Feedback
3,155,bad7a414-0db8-4f41-9a62-4ce8fbd143d3,2,2.0,77.97766667,0.886327139,0.854602967,0.487179487,313.2330097,48.22330097,34.5,35.5,1.0,4.5,2.693078788,0.205186955,0.294956248,0.666857605,0.051539111,Control,0,0,0,400,490,0.9,0.8,0.6,0.8,0.8,0.690058263,0.52978835,0.256483694,0.107811142,0.886327139,0.846311491,-0.05,-0.160269913,-0.148672552,0.040015648,Control,Control,Control,Tutor Feedback + Socially-Oriented Learner Feedback
4,156,bc703b0a-a83d-4ca4-a938-90dd697c1307,2,2.5,90.77683333,0.921134359,0.854543039,0.0,451.8135593,59.65671642,0.0,0.0,1.0,0.0,1.4,0.144444444,0.155555556,0.433333333,0.011111485,Control,0,0,0,500,590,0.75,0.25,0.9,0.55,0.7,0.678376362,0.648293925,0.2,0.173070623,0.921134359,0.987680144,0.2,-0.030082436,-0.026929377,-0.066545785,Control,Control,Control,Tutor Feedback + Socially-Oriented Learner Feedback
5,157,bc8b3d2a-9c88-4367-be9f-1c546debb3a6,1,2.0,62.95031667,0.759860836,0.770857071,1.0,283.6413043,78.2967033,55.0,0.0,1.0,0.0,2.922940022,0.142969892,0.349481959,0.683078375,9.42e-07,Control,0,0,0,500,590,0.8,0.4,0.9,0.6,0.75,0.61721301,0.563020696,0.206512067,0.488112429,0.759860836,0.490938619,0.15,-0.054192314,0.281600362,0.268922217,Control,Control,Control,Tutor Feedback + Socially-Oriented Learner Feedback
6,158,bcab5122-b977-4e56-beda-e7d641bcf686,3,2.333333333,89.053,0.935125294,0.899316277,0.210526316,584.3278689,97.26315789,41.0,27.26470588,0.666666667,4.666666667,1.538409711,0.168439019,0.11229268,0.471629254,0.011256316,Control,0,0,0,500,590,0.933333333,0.45,0.866666667,0.533333333,0.825,0.708991648,0.765153155,0.134751216,0.114227694,0.935125294,0.808346117,0.133333333,0.056161507,-0.020523522,0.126779177,Control,Control,Control,Tutor Feedback + Socially-Oriented Learner Feedback
7,159,bd35ecd8-2e8d-436e-8c00-7a82125205c5,5,3.0,78.745,0.951687688,0.923657025,0.867647059,973.875,88.25,69.8,9.4,1.0,2.2,1.041335958,0.165089847,0.063496095,0.342878913,0.000536446,Control,0,0,0,400,490,0.74,0.2,0.575,0.333333333,0.65,0.762028498,0.723082717,0.165089847,0.267970531,0.951687688,0.975500539,0.18,-0.038945781,0.102880684,-0.023812851,Control,Control,Control,Tutor Feedback + Socially-Oriented Learner Feedback
8,160,bd3d3fef-8f83-4436-b2b7-7c93c08a56d3,2,2.5,91.263,0.994376572,0.985814225,0.136465324,244.3372093,144.0,107.3333333,29.8019802,0.5,1.0,2.133333333,0.077777778,0.1,0.311111111,0.011111516,Control,0,0,0,400,490,0.7,0.4,0.95,0.35,0.7,0.682311917,0.609588562,0.166666667,1.122222222,0.994376572,0.830304414,0.15,-0.072723355,0.955555556,0.164072157,Control,Control,Control,Tutor Feedback + Socially-Oriented Learner Feedback
9,161,bded3c74-1dce-41ba-b9f0-118613e9293a,2,2.0,74.05666667,0.904169118,0.795261845,0.0,409.3235294,75.7804878,0.0,0.0,1.0,4.0,1.012737993,0.108025386,0.135031732,0.189044425,0.013497756,Control,0,0,0,500,590,0.85,0.35,0.85,0.4,0.75,0.63488355,0.65722461,0.108025386,0.243441725,0.904169118,0.952873542,0.15,0.02234106,0.135416339,-0.048704423,Control,Control,Control,Tutor Feedback + Socially-Oriented Learner Feedback
10,162,be9250b4-efa1-4806-afc8-1afc420d5b03,6,2.0,83.06881667,0.861874191,0.770336952,0.315789474,413.8928571,101.1587302,53.0,10.57142857,1.0,0.666666667,1.528852885,0.120382117,0.180573175,0.361146351,0.007976973,Control,0,0,0,600,690,0.916666667,0.633333333,0.95,0.7,0.775,0.647895288,0.650454965,0.14445854,0.066987238,0.861874191,0.694464999,1.11e-16,0.002559678,-0.077471302,0.167409192,Control,Control,Control,Tutor Feedback + Socially-Oriented Learner Feedback
11,163,bf52133d-7c09-4ecd-a4f0-9173cecd6568,3,2.333333333,84.97183333,0.873145059,0.866361171,0.0,876.2666667,122.5681818,0.0,28.0,1.0,2.0,1.059174511,0.176529085,0.070611634,0.400132593,0.059713172,Control,0,0,0,500,590,0.8,0.25,0.7,0.44,0.616666667,0.732531048,0.496965303,0.141223268,0.086113942,0.873145059,0.996221918,0.091666667,-0.235565745,-0.055109326,-0.123076859,Control,Control,Control,Tutor Feedback + Socially-Oriented Learner Feedback
12,164,bfa5e21b-fe3b-405e-86fb-d02b1e808931,4,2.5,84.09683333,0.959576862,0.922092465,0.237864078,451.0377358,59.12903226,25.66666667,22.57692308,1.0,1.0,1.379362283,0.107019487,0.130801596,0.368622679,0.02973036,Control,0,0,0,400,490,0.55,0.35,0.866666667,0.333333333,0.55,0.636934362,0.632585437,0.166474758,0.152965171,0.959576862,0.939014459,0.1,-0.004348925,-0.013509587,0.020562402,Control,Control,Control,Tutor Feedback + Socially-Oriented Learner Feedback
13,165,c3c7d348-3ba8-4665-a208-c84ad8274c6e,2,2.5,83.83966667,0.898784585,0.858924396,1.0,927.0,114.2790698,78.0,0.0,1.0,0.5,0.966129795,0.083492698,0.083492698,0.226623038,4.06e-07,Control,0,0,0,600,690,0.9,0.3,1.0,0.65,0.8,0.68206614,0.809945694,0.131202812,0.110993038,0.898784585,0.9932735,0.2,0.127879554,-0.020209773,-0.094488915,Control,Control,Control,Tutor Feedback + Socially-Oriented Learner Feedback
14,166,c3e00f5d-d52b-4c5d-b62f-8061504481c7,4,2.25,83.21615,0.930610673,0.926410121,0.634375,909.6097561,112.92,79.42857143,32.38461538,1.0,2.5,1.033453242,0.204287269,0.108152083,0.32445625,0.012017195,Control,0,0,0,600,690,1.0,0.566666667,0.933333333,0.733333333,0.816666667,0.786259081,0.812469326,0.192270371,0.049608404,0.930610673,0.997518188,0.033333333,0.026210245,-0.142661967,-0.066907515,Control,Control,Control,Tutor Feedback + Socially-Oriented Learner Feedback
15,167,c42fded9-a99a-490f-afaa-1be9033873a1,5,2.6,78.75066667,0.876873017,0.811811024,1.0,485.1111111,74.95890411,73.0,0.0,1.0,0.4,1.638081371,0.165077968,0.215871188,0.482535598,0.012698577,Control,0,0,0,400,490,0.72,0.25,0.78,0.366666667,0.616666667,0.760099302,0.644894275,0.165077968,0.173599271,0.876873017,0.975637429,0.131666667,-0.115205026,0.008521303,-0.098764411,Control,Control,Control,Tutor Feedback + Socially-Oriented Learner Feedback
16,168,c4d207e4-7980-43f5-a410-3f8372f75f93,4,2.5,75.7,0.962098885,0.971829574,0.720588235,2487.9375,140.75,73.33333333,12.66666667,0.75,1.0,0.435931308,0.092470277,0.026420079,0.171730515,1.11e-07,Control,0,0,0,400,490,0.8,0.525,1.0,0.533333333,0.85,0.831149321,0.69235627,0.264200793,0.235742027,0.962098885,0.982601665,0.1875,-0.138793051,-0.028458765,-0.02050278,Control,Control,Control,Tutor Feedback + Socially-Oriented Learner Feedback
17,169,c58123b2-6dee-47e8-af2f-8ce1013a0b87,2,2.5,85.39633333,0.901741704,0.844877206,0.0,945.35,149.7142857,0.0,0.0,1.0,1.0,0.960228581,0.117101046,0.163941465,0.32788293,0.0233182,Control,0,0,0,500,590,0.85,0.35,1.0,0.3,0.825,0.687624278,0.732428489,0.199071779,0.111089396,0.901741704,0.872260317,0.225,0.044804211,-0.087982383,0.029481387,Control,Control,Control,Tutor Feedback + Socially-Oriented Learner Feedback
18,170,c8302262-5a91-474b-ae74-f9b45ef27d0f,7,1.714285714,88.16666667,0.846038082,0.769857969,0.324324324,735.7714286,192.6486486,38.0,7.272727273,1.0,1.0,0.952741021,0.147448015,0.102079395,0.27221172,0.022684554,Control,0,0,0,500,590,0.9,0.385714286,0.84,0.5,0.6875,0.689874481,0.547166845,0.147448015,0.0,0.846038082,0.969964708,0.044642857,-0.142707635,-0.147448015,-0.123926625,Control,Control,Control,Tutor Feedback + Socially-Oriented Learner Feedback
19,171,c8c063b7-bbc9-43ea-9e61-fc72117415ce,5,2.4,72.11466667,0.946343432,0.929001772,0.79245283,1513.869565,136.5555556,51.5,3.6,0.8,0.4,0.665606626,0.083200828,0.055467219,0.249602485,0.013867485,Control,0,0,0,600,690,0.9,0.533333333,0.88,0.533333333,0.65,0.602619156,0.51337563,0.124801242,0.068402702,0.946343432,0.960771922,-0.066666667,-0.089243526,-0.056398541,-0.01442849,Control,Control,Control,Tutor Feedback + Socially-Oriented Learner Feedback
20,172,c931be7c-3297-4570-b5e6-f37b7c914976,1,2.0,35.76516667,0.520635779,0.860179342,0.0,531.1428571,76.04761905,0.0,0.0,1.0,0.0,1.174326976,0.0,0.195721163,0.167760997,0.027960387,Control,0,0,0,600,690,0.9,0.3,0.85,0.4,0.95,0.499673552,0.520676944,0.027960166,0.015914444,0.520635779,0.669248316,0.35,0.021003392,-0.012045722,-0.148612537,Control,Control,Control,Tutor Feedback + Socially-Oriented Learner Feedback
21,173,c9913f23-06b7-45f0-b66e-ac56b1684e1b,2,2.5,77.53666667,0.761483861,0.7300369,0.0,308.5652174,83.01190476,0.0,0.0,1.0,1.0,1.973259963,0.103176992,0.283736727,0.36111947,0.025794681,Control,0,0,0,500,590,0.85,0.4,0.85,0.45,0.8,0.69778856,0.685543272,0.206353983,0.044424371,0.761483861,0.785410971,0.175,-0.012245289,-0.161929612,-0.023927109,Control,Control,Control,Tutor Feedback + Socially-Oriented Learner Feedback
22,174,cd0143f6-da32-4d33-aa9a-00ef79335a76,5,2.6,97.72016667,0.956918389,0.94475565,0.267015707,1215.606061,91.91304348,40.33333333,33.29411765,1.0,1.4,0.844444444,0.044444444,0.055555556,0.233333333,9.04e-07,Control,0,0,0,500,590,0.9,0.514285714,0.94,0.525,0.9,0.679948296,0.674701939,0.311111111,0.054117069,0.956918389,0.946311358,0.192857143,-0.005246357,-0.256994042,0.01060703,Control,Control,Control,Tutor Feedback + Socially-Oriented Learner Feedback
23,175,cd3ef7e1-c42d-4483-a481-9b806657e552,2,2.0,80.10866667,0.904256585,0.905803276,0.337209302,674.9824561,70.8490566,24.5,23.625,1.0,1.0,1.522931352,0.274626965,0.287110009,0.611669149,0.037449878,Control,0,0,0,500,590,1.0,0.6,1.0,0.95,0.975,0.693122651,0.791197421,0.38697436,0.084464453,0.904256585,0.992867379,0.175,0.09807477,-0.302509907,-0.088610793,Control,Control,Control,Tutor Feedback + Socially-Oriented Learner Feedback
24,176,cd68b778-bc72-44d4-ab13-93c3f94ce0f9,3,2.0,58.21415,0.882151796,0.784985935,0.0,688.5172414,155.1290323,0.0,0.0,1.0,2.666666667,1.030677249,0.137423633,0.034355908,0.292025221,0.031795301,Control,0,0,0,600,690,1.0,0.633333333,0.933333333,0.7,0.975,0.648470697,0.60364318,0.171779542,0.201357024,0.882151796,0.868758822,0.158333333,-0.044827517,0.029577483,0.013392973,Control,Control,Control,Tutor Feedback + Socially-Oriented Learner Feedback
25,177,cdaac377-0910-44c2-bef2-b09ba6e1c24c,7,2.333333333,87.46466667,0.914128947,0.908322904,0.096605744,773.5744681,138.12,42.0,45.0,0.714285714,0.571428571,1.211917955,0.160064636,0.160064636,0.342995648,0.034306672,Control,0,0,0,400,490,0.842857143,0.375,0.7,0.3875,0.433333333,0.758433293,0.617369528,0.26296333,0.108574854,0.914128947,0.991724639,-0.175595238,-0.141063765,-0.154388476,-0.077595693,Control,Control,Control,Tutor Feedback + Socially-Oriented Learner Feedback
26,178,cfb26927-3093-4213-977f-3f3a881c8ddf,5,2.6,82.67681667,0.938199699,0.928327645,0.029268293,743.0384615,116.8333333,26.0,24.15625,0.8,7.4,1.318386513,0.108857602,0.096762313,0.399144541,1.46e-06,Control,0,0,0,500,590,0.94,0.52,0.9,0.6,0.85,0.678491879,0.63079899,0.120952891,0.127873967,0.938199699,0.974276667,0.12,-0.047692889,0.006921076,-0.036076968,Control,Control,Control,Tutor Feedback + Socially-Oriented Learner Feedback
27,179,d0239844-0d46-4779-8456-b314e678b47b,6,2.2,91.21533333,0.842798222,0.780720851,0.0,561.5102041,129.9090909,0.0,0.0,0.833333333,2.833333333,1.155555556,0.122222222,0.155555556,0.322222222,0.011115522,Control,0,0,0,500,590,0.9,0.4,0.875,0.45,0.816666667,0.705766791,0.694289009,0.244444444,0.179120162,0.842798222,0.90226359,0.166666667,-0.011477782,-0.065324283,-0.059465368,Control,Control,Control,Tutor Feedback + Socially-Oriented Learner Feedback
28,180,d06442a6-75f7-4cce-937f-345b6a96dbb7,4,2.75,75.13516667,0.921583222,0.894673332,1.0,851.56,97.56521739,38.0,0.0,1.0,3.25,0.652158,0.079856082,0.039928041,0.199640204,0.013312364,Control,0,0,0,400,490,0.65,0.4,0.9,0.4,0.616666667,0.656565635,0.919061508,0.332733673,0.267124651,0.921583222,0.960263346,0.091666667,0.262495873,-0.065609022,-0.038680124,Control,Control,Control,Tutor Feedback + Socially-Oriented Learner Feedback
29,181,d0beec8d-ae12-4907-987a-dc9c05a7168d,3,2.666666667,58.96133333,0.88438437,0.790854225,0.963636364,499.7931034,123.7142857,44.66666667,1.0,1.0,0.333333333,1.0515366,0.084801339,0.101761606,0.288324552,3.61e-07,Control,0,0,0,500,590,0.833333333,0.266666667,0.95,0.35,0.675,0.70570083,0.516709533,0.169602677,0.117765594,0.88438437,0.934598836,0.125,-0.188991297,-0.051837083,-0.050214466,Control,Control,Control,Tutor Feedback + Socially-Oriented Learner Feedback
30,182,d0ce9e2f-d616-44c0-bdfe-938f84001c80,8,2.375,97.51583333,0.877645191,0.88080018,0.282666667,702.4857143,187.7222222,59.25,18.93617021,0.875,1.0,1.744444444,0.144444444,0.177777778,0.466666667,3.62e-07,Control,0,0,0,400,490,0.814285714,0.388888889,0.822222222,0.375,0.5625,0.653722952,0.661956806,0.355555556,0.211111111,0.877645191,0.943977318,-0.039087302,0.008233854,-0.144444444,-0.066332128,Control,Control,Control,Tutor Feedback + Socially-Oriented Learner Feedback
31,183,d1e0ae77-b236-4d64-9bd5-1b514112671e,1,2.0,78.58783333,0.91962079,0.900573614,1.0,366.68,37.26388889,45.0,0.0,1.0,0.0,1.895967781,0.165420008,0.216318472,0.598056951,4.21e-07,Control,0,0,0,500,590,0.8,0.566666667,0.933333333,0.475,0.633333333,0.722305829,0.742102447,0.343564632,0.155555556,0.91962079,0.986227218,-0.05,0.019796618,-0.188009076,-0.066606428,Control,Control,Control,Tutor Feedback + Socially-Oriented Learner Feedback
32,184,d2f32e42-0e29-493c-974a-1e3b14a38558,2,2.5,70.906,0.926957533,0.952696078,0.396226415,1252.444444,72.52380952,51.5,54.8,1.0,0.5,0.775674837,0.084619073,0.014103179,0.296166756,2.13e-07,Control,0,0,0,500,590,0.9,0.1,1.0,0.533333333,0.7,0.783645628,0.655743042,0.239754041,0.19862658,0.926957533,0.983359514,0.2,-0.127902586,-0.041127461,-0.056401981,Control,Control,Control,Tutor Feedback + Socially-Oriented Learner Feedback
33,185,d39aaa92-578e-4e89-bfd0-1b1f21e6a6d1,5,2.4,81.10266667,0.922464044,0.883821933,0.395348837,662.5510204,77.34782609,60.0,5.769230769,1.0,0.0,1.343975537,0.110970457,0.110970457,0.283591168,4.39e-07,Control,0,0,0,600,690,0.86,0.5,0.8,0.6,0.8,0.763850911,0.576057747,0.16029066,0.153901436,0.922464044,0.974436645,0.12,-0.187793164,-0.006389224,-0.051972601,Control,Control,Control,Tutor Feedback + Socially-Oriented Learner Feedback
34,186,d406e3b9-acac-4d24-b4e0-ec84dff962d1,2,2.5,47.03548333,0.831196405,0.801272167,0.75862069,511.4571429,109.3783784,106.0,9.666666667,1.0,6.0,1.615801404,0.276387082,0.085042179,0.659076888,6.71e-06,Control,0,0,0,600,690,1.0,0.8,1.0,0.75,0.95,0.681312104,0.563453083,0.212605448,0.127901362,0.831196405,0.908046954,0.05,-0.117859021,-0.084704085,-0.076850548,Control,Control,Control,Tutor Feedback + Socially-Oriented Learner Feedback
35,187,d4a22837-a834-4a77-a72c-a279ca7700ec,3,2.333333333,79.3195,0.889225267,0.940976472,0.294416244,572.84,43.97142857,50.66666667,32.9375,0.666666667,0.333333333,1.311152995,0.075643442,0.075643442,0.289966528,2.84e-07,Control,0,0,0,400,490,0.866666667,0.466666667,0.4,0.3,0.6,0.637786435,0.881071605,0.239537566,0.252962322,0.889225267,1.0,-0.066666667,0.24328517,0.013424756,-0.110774733,Control,Control,Control,Tutor Feedback + Socially-Oriented Learner Feedback
36,188,d562e5e3-ecdf-4a78-8149-0f628425b0a2,3,2.333333333,60.11765,0.938760556,0.864111498,0.0,349.2173913,41.29411765,0.0,0.0,1.0,0.0,1.613502856,0.149706451,0.199608601,0.399217202,1.17e-06,Control,0,0,0,600,690,0.966666667,0.55,0.933333333,0.7,0.9,0.70418014,0.560449287,0.216242651,0.367882723,0.938760556,0.832187272,0.141666667,-0.143730853,0.151640073,0.106573283,Control,Control,Control,Tutor Feedback + Socially-Oriented Learner Feedback
37,189,d76b0c65-4114-4dfb-a381-3a3a716fdb1e,1,3.0,63.32248333,0.630802303,0.741690544,0.872093023,232.0210526,72.9375,61.2,15.33333333,1.0,0.0,3.142643648,0.142129612,0.394804478,0.568518449,9.39e-07,Control,0,0,0,500,590,0.9,0.5,1.0,0.45,0.85,0.650818728,0.623886432,0.205298329,0.231355628,0.630802303,0.943854927,0.15,-0.026932296,0.0260573,-0.313052625,Control,Control,Control,Tutor Feedback + Socially-Oriented Learner Feedback
38,190,d7e8149d-56dd-4ff7-99af-1a0519139b76,4,2.5,78.77633333,0.899480938,0.754855643,1.0,663.5185185,201.6428571,54.0,0.0,1.0,1.0,0.710873401,0.101553343,0.076165007,0.279271693,0.050514611,Control,0,0,0,500,590,0.833333333,0.333333333,0.85,0.566666667,0.7,0.615066276,0.594059488,0.17771835,0.244444444,0.899480938,0.798129315,0.116666667,-0.021006788,0.066726094,0.101351623,Control,Control,Control,Tutor Feedback + Socially-Oriented Learner Feedback
39,191,d89d1ff9-a9ce-4440-90e5-0c4fd477f2b3,2,2.5,80.3975,0.966917115,0.954829409,0.925,1274.846154,54.61538462,39.0,7.0,1.0,1.0,0.696539071,0.099505582,0.087067384,0.286078547,1.89e-07,Control,0,0,0,600,690,0.9,0.8,0.966666667,0.55,0.9,0.666879497,0.552736576,0.43533692,0.215168983,0.966917115,0.538175086,0.05,-0.114142922,-0.220167937,0.42874203,Control,Control,Control,Tutor Feedback + Socially-Oriented Learner Feedback
40,192,d921c683-771b-4576-98d5-0a9bb6c12ea7,3,2.333333333,80.24215,0.95116913,0.952439238,0.180722892,825.7407407,57.70588235,28.5,20.2,0.666666667,0.0,0.697887582,0.062311391,0.062311391,0.274170121,0.004217211,Control,0,0,0,400,490,0.633333333,0.2,0.575,0.366666667,0.4,0.614202318,0.633380856,0.074773669,0.030554565,0.95116913,0.990412903,-0.016666667,0.019178538,-0.044219104,-0.039243773,Control,Control,Control,Tutor Feedback + Socially-Oriented Learner Feedback
41,193,dc74fc7f-396c-4c27-863c-5dd59a2b36eb,3,2.333333333,69.77283333,0.926361964,0.888871928,0.0,503.7083333,50.15686275,0.0,2.666666667,1.0,7.0,1.461887029,0.057328903,0.114657806,0.47296345,3.37e-07,Control,0,0,0,400,490,0.833333333,0.166666667,0.75,0.25,0.65,0.546314475,0.620823612,0.300976741,0.15330957,0.926361964,0.952955527,0.15,0.074509137,-0.147667171,-0.026593563,Control,Control,Control,Tutor Feedback + Socially-Oriented Learner Feedback
42,194,dd21be19-4f67-4fcf-bf67-0a806a7504f8,3,2.666666667,64.67316667,0.941456115,0.87314033,0.670731707,530.2857143,87.51851852,73.0,11.22222222,1.0,6.333333333,1.128752522,0.13916127,0.077311817,0.355634356,1.02e-06,Control,0,0,0,500,590,0.9,0.275,0.9,0.6,0.883333333,0.719564611,0.545310446,0.216473086,0.277777778,0.941456115,0.96136086,0.295833333,-0.174254165,0.061304691,-0.019904745,Control,Control,Control,Tutor Feedback + Socially-Oriented Learner Feedback
43,195,dfc32c08-4f8a-4677-ab5e-b3ca08baaca4,1,3.0,81.88766667,0.730390574,0.837311206,1.0,299.7906977,53.88976378,46.0,0.0,1.0,1.0,3.150657608,0.146542214,0.195389619,0.769346625,0.061060041,Control,0,0,0,400,490,0.7,0.1,0.55,0.4,0.583333333,0.743214128,0.644502719,0.451838494,0.255555556,0.730390574,0.935102027,0.183333333,-0.098711409,-0.196282939,-0.204711453,Control,Control,Control,Tutor Feedback + Socially-Oriented Learner Feedback
44,196,e0781c48-09a0-4f31-9026-1eb96d8388f6,3,2.0,75.847,0.952256264,0.93356791,0.416666667,774.027027,61.20689655,41.66666667,20.75,1.0,2.666666667,1.015201656,0.131844371,0.079106623,0.31642649,0.013187307,Control,0,0,0,500,590,0.966666667,0.466666667,0.933333333,0.533333333,0.833333333,0.704651128,0.84975506,0.118659934,0.052078587,0.952256264,0.991092758,0.116666667,0.145103931,-0.066581347,-0.038836494,Control,Control,Control,Tutor Feedback + Socially-Oriented Learner Feedback
45,197,e17440f9-25d0-457c-91ef-8ccf9b903b5f,3,2.333333333,84.18966667,0.883937871,0.803184126,0.375,544.2181818,119.9642857,35.0,10.0,1.0,6.666666667,1.389719245,0.190047076,0.095023538,0.475117691,0.02375549,Control,0,0,0,500,590,0.966666667,0.466666667,1.0,0.6,0.8,0.704767774,0.723411203,0.26131473,0.371870093,0.883937871,0.887757896,0.083333333,0.018643429,0.110555364,-0.003820025,Control,Control,Control,Tutor Feedback + Socially-Oriented Learner Feedback
46,198,e1e4ad30-f1e7-467a-8ea4-86a83c02220b,4,2.333333333,74.36683333,0.976137628,0.919692944,0.507177033,303.3095238,51.19047619,119.3333333,16.31818182,0.75,0.0,1.196770066,0.067234273,0.107574837,0.242043384,0.013446801,Control,0,0,0,400,490,0.725,0.325,0.95,0.25,0.725,0.739028716,0.517450475,0.094127983,0.086097007,0.976137628,0.995524112,0.2,-0.22157824,-0.008030975,-0.019386484,Control,Control,Control,Tutor Feedback + Socially-Oriented Learner Feedback
47,199,e2be2aba-61ec-46b9-89ed-d0f34a35f7c1,5,1.8,80.1305,0.863877458,0.829835607,0.222222222,497.6125,96.67948718,54.0,32.5,1.0,1.8,2.109059597,0.287031779,0.174714996,0.536624631,0.061875952,Control,0,0,0,600,690,0.94,0.65,0.9,0.74,0.8875,0.746578639,0.651216968,0.33695035,0.183487992,0.863877458,0.755806589,0.0925,-0.095361671,-0.153462358,0.108070869,Control,Control,Control,Tutor Feedback + Socially-Oriented Learner Feedback
48,200,e7f9aab4-62fe-4535-b065-8cc32bae078e,3,1.666666667,67.34198333,0.979479705,0.950439648,0.885057471,957.3181818,58.11764706,80.33333333,2.8,1.0,0.0,0.697930142,0.103947042,0.044548732,0.207894085,0.014849673,Control,0,0,0,600,690,0.766666667,0.0,0.825,0.7,0.816666667,0.795549339,0.777010699,0.29699155,0.0,0.979479705,0.997340416,0.433333333,-0.01853864,-0.29699155,-0.017860711,Control,Control,Control,Tutor Feedback + Socially-Oriented Learner Feedback
49,201,ea08edf1-6e5a-4725-8678-9914a124c8b5,8,2.5,72.51433333,0.970662431,0.947220447,0.0,2276.642857,82.21052632,0.0,12.0,0.875,0.0,0.468872821,0.082742262,0.027580754,0.165484525,7.87e-07,Control,0,0,0,400,490,0.8625,0.388888889,0.95,0.4625,0.65,0.838081708,0.636859835,0.193065279,0.14133976,0.970662431,0.979841944,0.024305556,-0.201221873,-0.051725519,-0.009179513,Control,Control,Control,Tutor Feedback + Socially-Oriented Learner Feedback
50,202,eb9de5ba-127a-4c8c-a959-7cb31bdedfbb,7,2.166666667,77.28883333,0.982568711,0.958466454,0.255474453,921.84375,89.38461538,35.33333333,20.57894737,0.428571429,0.0,0.866878139,0.077630878,0.01293848,0.284646553,3.6e-07,Control,0,0,0,600,690,1.0,0.633333333,0.866666667,0.683333333,0.85,0.596750838,0.754198441,0.232892634,0.129897934,0.982568711,0.984826868,0.033333333,0.157447603,-0.1029947,-0.002258158,Control,Control,Control,Tutor Feedback + Socially-Oriented Learner Feedback
51,203,ed2af28f-c062-41d4-be53-83bf4a6a966f,3,2.0,65.987,0.885148278,0.852253756,1.0,453.4893617,65.83673469,73.8,0.0,1.0,1.666666667,1.530604513,0.181854002,0.197008502,0.363708003,5.26e-07,Control,0,0,0,600,690,1.0,0.75,1.0,0.6,0.925,0.731050209,0.752139318,0.181854002,0.03531645,0.885148278,0.88976197,0.05,0.021089109,-0.146537551,-0.004613692,Control,Control,Control,Tutor Feedback + Socially-Oriented Learner Feedback
52,204,ef258f48-b74c-4e52-91c3-935e23dfb582,1,3.0,84.57165,0.960454432,0.888679245,0.833333333,188.9880952,18.91358025,16.0,3.0,1.0,1.0,1.974656992,0.130067227,0.130067227,0.756754775,3.33e-07,Control,0,0,0,500,590,0.6,0.3,0.9,0.4,0.4,0.739959822,0.718918294,0.413850268,0.71513547,0.960454432,0.906831246,-0.05,-0.021041529,0.301285202,0.053623186,Control,Control,Control,Tutor Feedback + Socially-Oriented Learner Feedback
53,205,efb19480-a2db-43cd-ac36-cc34ad8e9076,2,2.5,64.40583333,0.894672472,0.842760844,0.0,663.9473684,112.6052632,0.0,0.0,1.0,5.0,1.180017338,0.155265439,0.093159264,0.403690142,0.077619895,Control,0,0,0,600,690,1.0,0.433333333,0.8,0.5,0.95,0.609910385,0.536104587,0.263951247,0.043145499,0.894672472,0.94549919,0.233333333,-0.073805798,-0.220805748,-0.050826718,Control,Control,Control,Tutor Feedback + Socially-Oriented Learner Feedback
54,206,f306fb7d-d5c2-4e26-bad9-8aac49f02f09,1,3.0,87.69248333,0.742078448,0.799177584,1.0,342.25,82.70103093,54.0,0.0,1.0,0.0,2.280697186,0.228069719,0.285087148,0.67280567,0.02281309,Control,0,0,0,500,590,0.9,0.4,1.0,0.3,0.75,0.684516833,0.659875352,0.296490634,0.331964048,0.742078448,0.474971415,0.1,-0.024641481,0.035473413,0.267107033,Control,Control,Control,Tutor Feedback + Socially-Oriented Learner Feedback
55,207,f39e79c6-e5ae-47ef-9243-057458cb24d9,3,2.0,68.46216667,0.934560865,0.911323961,0.492063492,1057.208333,105.4285714,45.5,21.33333333,1.0,0.666666667,0.7741502,0.087639645,0.087639645,0.189885898,2.47e-07,Control,0,0,0,500,590,1.0,0.75,0.85,0.6,0.825,0.743217532,0.647794773,0.043819823,0.044993026,0.934560865,0.965617996,-0.05,-0.095422759,0.001173203,-0.03105713,Control,Control,Control,Tutor Feedback + Socially-Oriented Learner Feedback
56,208,f42a479c-405f-4458-b583-8aa8bfe0beaf,2,3.0,84.39416667,0.904288783,0.846044596,0.923076923,515.42,90.42553191,49.8,29.0,1.0,0.0,1.2204635,0.094793282,0.142189922,0.319927325,0.02369564,Control,0,0,0,400,490,0.65,0.4,0.85,0.333333333,0.65,0.611762381,0.678058728,0.201435723,0.060362173,0.904288783,0.798267677,0.125,0.066296347,-0.14107355,0.106021105,Control,Control,Control,Tutor Feedback + Socially-Oriented Learner Feedback
57,209,f4e59558-ded0-474f-b9e9-71a0387a3b5d,5,2.8,88.54398333,0.761952274,0.733944954,1.0,299.41,88.70175439,58.2,0.0,1.0,6.0,2.47334705,0.293639376,0.169407332,0.767979906,0.054629067,Control,0,0,0,500,590,0.775,0.375,0.8,0.366666667,0.95,0.675070875,0.604785254,0.31622702,0.129321493,0.761952274,0.935467079,0.375,-0.070285621,-0.186905527,-0.173514805,Control,Control,Control,Tutor Feedback + Socially-Oriented Learner Feedback
58,210,f5531293-c79e-4b79-ae3d-d21dce518258,3,2.0,83.23383333,0.960295925,0.926866237,0.8,1000.2,90.2,63.0,21.5,1.0,5.666666667,0.708846363,0.108129106,0.096114761,0.264315593,0.024032394,Control,0,0,0,500,590,0.833333333,0.3,0.7,0.5,0.85,0.785291621,0.709358848,0.336401664,0.087438247,0.960295925,1.0,0.283333333,-0.075932774,-0.248963417,-0.039704075,Control,Control,Control,Tutor Feedback + Socially-Oriented Learner Feedback
59,211,f5ba08f2-9755-48ab-8afe-8e3c05f5aa8b,3,2.0,82.87933333,0.837960421,0.756517522,1.0,232.1261261,65.62831858,66.66666667,0.0,1.0,3.666666667,2.738921645,0.217183214,0.325774821,1.001455932,0.072204781,Control,0,0,0,600,690,0.533333333,0.55,0.75,0.8,0.95,0.670896894,0.663846646,0.494695099,0.760260725,0.837960421,0.652419501,0.408333333,-0.007050248,0.265565626,0.18554092,Control,Control,Control,Tutor Feedback + Socially-Oriented Learner Feedback
60,212,f6bc5c83-f008-4ef5-9c77-100a7a578451,1,3.0,77.44033333,0.777369756,0.773084766,0.0,449.0,123.7702703,0.0,0.0,1.0,1.0,1.924061966,0.142044843,0.232437016,0.387395027,0.100951499,Control,0,0,0,400,490,0.8,0.366666667,0.675,0.4,0.616666667,0.666939946,0.754134482,0.193697513,0.38660517,0.777369756,0.953538383,0.033333333,0.087194536,0.192907657,-0.176168627,Control,Control,Control,Tutor Feedback + Socially-Oriented Learner Feedback
61,213,f990e9a9-1817-4d00-b677-61a1f388bec3,3,2.666666667,76.83416667,0.828943289,0.710815579,1.0,625.5555556,225.7105263,38.0,0.0,1.0,1.0,0.976128242,0.104120346,0.143165475,0.338391124,5.83e-07,Control,0,0,0,600,690,1.0,0.466666667,0.9,0.5,0.925,0.6452636,0.791261703,0.286330951,0.140437604,0.828943289,0.930986838,0.191666667,0.145998102,-0.145893347,-0.102043549,Control,Control,Control,Tutor Feedback + Socially-Oriented Learner Feedback
62,214,f9f9de65-7675-47dc-a39c-679272696337,1,2.0,51.58483333,0.343853762,0.589584767,0.0,148.0533333,91.74666667,0.0,0.0,1.0,0.0,2.907831436,0.174469886,0.426481944,0.542795201,0.019302978,Control,0,0,0,600,690,1.0,0.65,1.0,0.7,0.85,0.750189241,0.660764278,0.271397601,0.11082814,0.343853762,0.577601959,0.025,-0.089424963,-0.160569461,-0.233748197,Control,Control,Control,Tutor Feedback + Socially-Oriented Learner Feedback
63,215,fa94b20f-d7a7-4377-896f-5d54f2b31627,4,2.333333333,65.363,0.941611472,0.915844156,0.141791045,641.8529412,82.33333333,25.66666667,23.16666667,0.75,0.0,1.162737328,0.061196701,0.137692578,0.260085981,3.17e-07,Control,0,0,0,400,490,0.575,0.3,0.733333333,0.3,0.583333333,0.646735417,0.436951484,0.152991754,0.066450923,0.941611472,0.998898097,0.145833333,-0.209783933,-0.086540831,-0.057286625,Control,Control,Control,Tutor Feedback + Socially-Oriented Learner Feedback
64,216,fc660c3f-3057-4140-911f-a756fb442677,4,2.75,70.66866667,0.875743714,0.792234848,1.0,437.902439,104.1219512,39.5,0.0,0.75,1.0,1.188645604,0.155655972,0.212258144,0.481118459,0.028297658,Control,0,0,0,500,590,0.825,0.55,0.9,0.6,0.8,0.712201362,0.721730469,0.141505429,0.152278291,0.875743714,0.979926654,0.1125,0.009529107,0.010772862,-0.104182941,Control,Control,Control,Tutor Feedback + Socially-Oriented Learner Feedback
65,217,fdc5d84a-a8ff-4139-bd0e-aa6a960dcfd1,2,2.5,65.94116667,0.930975598,0.904545455,0.0,743.902439,65.0,0.0,0.0,1.0,3.0,1.289027846,0.166815368,0.212310469,0.500446105,3.4e-07,Control,0,0,0,600,690,1.0,0.6,0.975,0.766666667,0.95,0.702686555,0.599244422,0.424620937,0.25989596,0.930975598,0.573858075,0.15,-0.103442133,-0.164724978,0.357117522,Control,Control,Control,Tutor Feedback + Socially-Oriented Learner Feedback
66,369,b45c61d9-37bf-4c79-a084-ea3c034690e9,4,2.25,68.77648333,0.959739119,0.917629519,0.614754098,732.7241379,68.56,52.75,9.352941176,1.0,0.25,1.090489021,0.145398536,0.043619561,0.276257219,2.12e-07,Tutor Feedback,5,0,4,500,590,0.9,0.6,0.933333333,0.7,0.84,0.740868268,0.577042997,0.36349634,0.058618709,0.959739119,0.991468742,0.09,-0.163825271,-0.304877632,-0.031729623,Control,Control,Control,Tutor Feedback + Socially-Oriented Learner Feedback
67,370,b48689a7-1744-4a84-9948-ed7b098cef32,3,1.666666667,66.07066667,0.870409301,0.858215548,0.391975309,400.3442623,101.7105263,52.14285714,25.0,0.666666667,0.0,2.103808044,0.060541239,0.105947168,0.332976813,0.016257743,Tutor Feedback,5,0,0,600,690,0.95,0.6,1.0,0.8,0.95,0.691205984,0.714422147,0.151353097,0.083639181,0.870409301,0.915340401,0.175,0.023216163,-0.067713916,-0.044931101,Control,Control,Control,Tutor Feedback + Socially-Oriented Learner Feedback
68,371,b48c6e0b-ac63-4d14-9f5e-0df9a5a51cfd,2,2.5,91.19833333,0.901954787,0.832167832,0.576923077,436.203125,91.84210526,66.66666667,24.75,1.0,3.0,1.466666667,0.155555556,0.088888889,0.433333333,5.58e-07,Tutor Feedback,5,0,1,600,690,0.9,0.3,0.75,0.35,0.7,0.683547481,0.531147972,0.333333333,0.154699646,0.901954787,0.750630175,0.1,-0.152399509,-0.178633687,0.151324612,Control,Control,Control,Tutor Feedback + Socially-Oriented Learner Feedback
69,372,b595e1d0-075b-4f92-b9ae-57a3f187202f,3,3.0,87.66698333,0.654904339,0.707108257,0.513333333,190.9538462,68.38410596,34.0,16.8125,0.666666667,2.666666667,3.501888491,0.205322452,0.307983678,0.695814977,0.022885937,Tutor Feedback,4,0,0,400,490,0.533333333,0.2,0.575,0.525,0.425,0.664751706,0.645563373,0.501899328,0.229126846,0.654904339,0.958512181,0.058333333,-0.019188333,-0.272772482,-0.303607842,Control,Control,Control,Tutor Feedback + Socially-Oriented Learner Feedback
70,373,b65472d4-16df-464b-91d6-54254a076d1a,3,3.0,73.162,0.81097354,0.901232858,0.811320755,356.8815789,35.46478873,44.33333333,40.0,1.0,5.333333333,2.06391296,0.205024466,0.177687871,0.738088079,0.027307628,Tutor Feedback,3,0,0,500,590,0.8,0.25,0.866666667,0.3,0.5,0.684199472,0.773663001,0.560400208,0.156757947,0.81097354,0.94724764,-0.025,0.089463529,-0.403642261,-0.136274101,Control,Control,Control,Tutor Feedback + Socially-Oriented Learner Feedback
71,374,b65627b4-f83b-4fb1-a9f5-28e1107b1c5c,6,2.333333333,114.2175,0.914795407,0.841169664,0.596825397,617.0535714,136.1904762,88.75,41.36363636,0.666666667,1.0,1.311111111,0.077777778,0.077777778,0.277777778,0.044444332,Tutor Feedback,5,0,3,500,590,0.883333333,0.475,0.925,0.6,0.85,0.645052675,0.673074905,0.066666667,0.045396682,0.914795407,0.952270906,0.170833333,0.028022229,-0.021269985,-0.037475499,Control,Control,Control,Tutor Feedback + Socially-Oriented Learner Feedback
72,375,b849b9b3-234b-4a63-94d2-4cda6cf9fbb7,3,2.0,67.62915,0.939766877,0.906876989,1.0,682.3170732,65.5,46.0,0.0,1.0,4.666666667,1.227281431,0.221797849,0.118292186,0.502741791,0.014786602,Tutor Feedback,5,0,0,500,590,0.766666667,0.366666667,0.9,0.7,0.75,0.696717604,0.616636828,0.295730465,0.217961293,0.939766877,0.974510526,0.183333333,-0.080080776,-0.077769173,-0.034743649,Control,Control,Control,Tutor Feedback + Socially-Oriented Learner Feedback
73,376,baf8291e-6c73-46e7-b0db-37562e7f775f,3,2.666666667,81.56516667,0.85803558,0.720546487,0.785714286,298.6666667,86.67647059,37.0,1.0,1.0,0.333333333,1.593817622,0.049040542,0.122601356,0.318763524,0.049057569,Tutor Feedback,5,0,0,600,690,0.8,0.45,0.933333333,0.666666667,0.9,0.573234034,0.579320206,0.122601356,0.169138641,0.85803558,0.781576752,0.275,0.006086171,0.046537286,0.076458828,Control,Control,Control,Tutor Feedback + Socially-Oriented Learner Feedback
74,377,bc03d8cb-e13f-4ab0-b893-c115c9eeab73,1,3.0,71.84966667,0.539061039,0.826971653,0.476190476,604.6046512,122.4,54.0,37.0,1.0,0.0,1.196943618,0.167015389,0.069589745,0.473210268,0.041752215,Tutor Feedback,4,1,3,400,490,0.8,0.5,0.95,0.65,0.825,0.674955772,0.59074689,0.320112828,0.127548878,0.539061039,0.978608847,0.175,-0.084208883,-0.19256395,-0.439547807,Control,Control,Control,Tutor Feedback + Socially-Oriented Learner Feedback
75,378,bc0f097e-5687-4f0b-aedc-87593367595c,4,2.5,89.311,0.940607582,0.901573363,0.901408451,359.7674419,36.6097561,68.8,36.0,1.0,0.5,1.959445085,0.134361949,0.212739752,0.571038282,2.88e-07,Tutor Feedback,4,0,1,400,490,0.7,0.3,0.8,0.45,0.6,0.67490535,0.58981497,0.380692188,0.075187781,0.940607582,0.946542872,0.1,-0.08509038,-0.305504406,-0.00593529,Control,Control,Control,Tutor Feedback + Socially-Oriented Learner Feedback
76,379,bd032749-4ba8-43e1-a343-a856afcc8212,3,2.333333333,82.34166667,0.838100579,0.738680466,1.0,660.0465116,187.2,42.0,0.0,1.0,0.0,1.165873899,0.085011638,0.145734237,0.303612995,0.012144881,Tutor Feedback,5,0,4,600,690,0.966666667,0.65,0.95,0.8,0.9,0.618722595,0.648729944,0.206456836,0.238248082,0.838100579,0.722148672,0.091666667,0.030007348,0.031791246,0.115951907,Control,Control,Control,Tutor Feedback + Socially-Oriented Learner Feedback
77,380,bf3185d0-41f5-4237-8703-95cf4731935f,4,2.0,78.10115,0.59178399,0.604806739,0.563636364,243.6046512,110.1428571,45.5,18.0,1.0,2.0,2.624801299,0.089627361,0.320097719,0.371313355,0.076040643,Tutor Feedback,5,0,2,500,590,0.95,0.35,0.95,0.5,0.716666667,0.613392328,0.720034337,0.153646905,0.077777778,0.59178399,0.574819492,0.066666667,0.106642009,-0.075869128,0.016964498,Control,Control,Control,Tutor Feedback + Socially-Oriented Learner Feedback
78,381,bf668343-617f-450f-9a58-0d5bb84ea2ed,3,2.666666667,97.894,0.853571932,0.762335099,0.769585253,602.5660377,181.6078431,85.6,75.33333333,1.0,3.333333333,1.277777778,0.155555556,0.2,0.333333333,1.08e-06,Tutor Feedback,5,1,1,500,590,0.95,0.5,0.9,0.566666667,0.725,0.699828071,0.700348981,0.144444444,0.211111111,0.853571932,0.904402622,1.11e-16,0.00052091,0.066666667,-0.05083069,Control,Control,Control,Tutor Feedback + Socially-Oriented Learner Feedback
79,382,bf8eb09f-8868-4019-8bf0-15c2f03f5cce,6,2.5,72.177,0.96695913,0.913334573,0.402985075,472.6,57.80645161,47.0,20.64705882,0.666666667,0.333333333,1.330063594,0.096983804,0.055419316,0.30480624,2.76e-07,Tutor Feedback,4,0,1,500,590,0.816666667,0.466666667,0.925,0.56,0.83,0.7662811,0.865775407,0.138548291,0.166218032,0.96695913,0.983029417,0.188333333,0.099494307,0.027669741,-0.016070287,Control,Control,Control,Tutor Feedback + Socially-Oriented Learner Feedback
80,383,c01d2d59-0bea-4056-a791-7b84692daade,1,3.0,46.15733333,0.619323864,0.824467064,0.0,345.6923077,65.25,0.0,0.0,1.0,0.0,2.253163094,0.064995089,0.346640476,0.584955803,1.24e-06,Tutor Feedback,4,0,4,500,590,0.8,0.4,1.0,0.2,0.65,0.584701713,0.658056479,0.346640476,0.301627532,0.619323864,0.520806189,0.05,0.073354766,-0.045012944,0.098517675,Control,Control,Control,Tutor Feedback + Socially-Oriented Learner Feedback
81,384,c32ab6a1-5144-4efb-b9b0-1085f0728a38,2,2.0,73.20183333,0.865643684,0.850357032,0.916666667,431.6909091,65.63636364,47.0,3.0,1.0,3.5,1.557338045,0.09562602,0.177591181,0.505451822,0.013650882,Tutor Feedback,5,0,0,400,490,0.75,0.3,0.6,0.2,0.475,0.66932571,0.797213893,0.300538921,0.187986022,0.865643684,0.972079739,-0.05,0.127888183,-0.112552899,-0.106436054,Control,Control,Control,Tutor Feedback + Socially-Oriented Learner Feedback
82,385,c493f780-45f1-49b5-846c-f66561c14a7a,7,2.142857143,88.53633333,0.88230886,0.727937043,0.201492537,416.1794872,136.3913043,37.5,18.95454545,0.857142857,0.0,1.231132981,0.067768788,0.203306364,0.248485556,0.011293996,Tutor Feedback,4,0,3,500,590,0.983333333,0.622222222,0.9,0.6125,0.708333333,0.661697735,0.928930571,0.135537576,0.05899763,0.88230886,0.995405416,-0.094444444,0.267232836,-0.076539946,-0.113096556,Control,Control,Control,Tutor Feedback + Socially-Oriented Learner Feedback
83,386,c5675b00-f0ea-402c-a461-0756410773e2,3,3.0,75.40466667,0.882783056,0.829054702,0.516129032,610.5490196,107.3269231,46.0,62.5,1.0,3.666666667,1.419010318,0.106094229,0.132617787,0.331544467,0.0402394,Tutor Feedback,5,0,3,500,590,0.8,0.266666667,0.9,0.5,0.75,0.685441274,0.584568316,0.251973795,0.163845213,0.882783056,0.828209553,0.216666667,-0.100872958,-0.088128582,0.054573502,Control,Control,Control,Tutor Feedback + Socially-Oriented Learner Feedback
84,387,c5e25d07-a782-48ea-9c09-68ecb3b0a09b,5,2.4,62.97633333,0.941125542,0.872873256,0.351851852,668.6333333,99.22222222,27.33333333,8.75,1.0,1.0,1.079770708,0.079394905,0.127031848,0.254063696,0.015867123,Tutor Feedback,5,0,4,600,690,0.96,0.65,1.0,0.66,0.925,0.638006361,0.425084007,0.222305734,0.204037018,0.941125542,0.938664492,0.12,-0.212922354,-0.018268716,0.002461049,Control,Control,Control,Tutor Feedback + Socially-Oriented Learner Feedback
85,388,c79b119e-8f99-466e-af39-bff45c4bf919,3,2.333333333,86.5415,0.896155397,0.739057239,0.831168831,316.326087,127.0465116,50.4,43.0,1.0,1.666666667,1.097739235,0.184882397,0.080886049,0.369764795,0.011848813,Tutor Feedback,5,0,4,400,490,0.85,0.3,0.85,0.3,0.8,0.725184476,0.527221338,0.207992697,0.068730254,0.896155397,0.919395269,0.225,-0.197963138,-0.139262443,-0.023239872,Control,Control,Control,Tutor Feedback + Socially-Oriented Learner Feedback
86,389,c7b73b26-e754-4a76-9cbc-477e395e8925,3,2.333333333,87.356,0.926982899,0.882381938,0.923322684,1703.083333,276.1764706,70.4,9.8,1.0,2.666666667,0.641054993,0.068684464,0.0,0.160263748,0.011445547,Tutor Feedback,4,0,0,400,490,0.766666667,0.233333333,0.85,0.45,0.633333333,0.607537341,0.655669716,0.171711159,0.058285588,0.926982899,0.961093496,0.133333333,0.048132376,-0.113425571,-0.034110597,Control,Control,Control,Tutor Feedback + Socially-Oriented Learner Feedback
87,390,c9036695-9e2c-48a1-8b9f-82b2b2220246,2,2.5,75.16533333,0.897487318,0.806554088,0.0,348.7288136,69.20895522,0.0,0.0,1.0,6.5,1.676304679,0.226168092,0.319296129,0.452336183,0.012662883,Tutor Feedback,4,0,1,600,690,0.8,0.35,0.9,0.25,0.575,0.710624707,0.653239332,0.332600135,0.270457072,0.897487318,0.953548965,0.0,-0.057385375,-0.062143062,-0.056061647,Control,Control,Control,Tutor Feedback + Socially-Oriented Learner Feedback
88,391,cb435965-c7aa-4645-b007-b3285b3792d9,3,2.333333333,80.70616667,0.849280991,0.852162356,0.5,365.0333333,54.38297872,49.0,23.25,1.0,1.333333333,2.341828485,0.185859404,0.309765673,0.706265734,0.012391092,Tutor Feedback,5,0,3,600,690,0.966666667,1.0,0.95,0.75,0.933333333,0.677522877,0.558138073,0.185859404,0.277777778,0.849280991,0.967542635,-0.05,-0.119384804,0.091918374,-0.118261644,Control,Control,Control,Tutor Feedback + Socially-Oriented Learner Feedback
89,392,cb554d18-64e3-4a9a-9f35-756ba255b5d1,3,2.333333333,62.27965,0.749418068,0.673599708,0.56097561,270.7627119,116.3278689,42.25,16.22222222,1.0,3.333333333,2.135529021,0.208735919,0.240849138,0.513811494,0.079326174,Tutor Feedback,5,0,3,600,690,1.0,0.7,0.9,0.6,0.875,0.613016964,0.333961145,0.289018965,0.032818179,0.749418068,0.536987306,0.025,-0.279055818,-0.256200786,0.212430761,Control,Control,Control,Tutor Feedback + Socially-Oriented Learner Feedback
90,393,cc2c212a-495f-4aac-84e4-8a2a909c5db4,8,2.25,58.94065,0.879341983,0.820924574,0.382428941,313.3191489,78.14285714,54.75,19.37777778,0.875,0.375,2.29043962,0.118763536,0.169662194,0.322358169,0.067844985,Tutor Feedback,5,0,0,600,690,0.9125,0.6,0.84,0.55,0.771428571,0.743947678,0.64135033,0.186628413,0.027405832,0.879341983,0.935730457,0.015178571,-0.102597348,-0.159222581,-0.056388474,Control,Control,Control,Tutor Feedback + Socially-Oriented Learner Feedback
91,394,cf6977d0-a10e-4639-b11c-9dfc5abfdc5c,3,2.333333333,55.80533333,0.859367384,0.832213546,0.647058824,431.0869565,78.14893617,41.0,5.666666667,1.0,2.333333333,1.73818512,0.250872079,0.089597171,0.609260764,0.071674993,Tutor Feedback,5,0,2,500,590,0.966666667,0.466666667,0.8,0.833333333,0.825,0.772500459,0.732035248,0.501744158,0.49706194,0.859367384,0.915663106,0.108333333,-0.04046521,-0.004682218,-0.056295722,Control,Control,Control,Tutor Feedback + Socially-Oriented Learner Feedback
92,395,d0c29336-a929-4754-b5f5-b022b54feebb,2,2.0,47.136,0.9881632,0.974663073,0.0,1487.727273,30.16666667,0.0,4.0,1.0,0.0,0.509164969,0.063645621,0.0,0.169721656,4.13e-08,Tutor Feedback,4,0,4,600,690,0.95,0.2,1.0,0.4,0.7,0.895043356,0.759876987,0.106076035,0.440724635,0.9881632,0.956524387,0.125,-0.135166369,0.3346486,0.031638812,Control,Control,Control,Tutor Feedback + Socially-Oriented Learner Feedback
93,396,d4d0462f-492f-4ae3-8e0f-acc65d126f9c,2,3.0,48.3765,0.79301695,0.883600917,1.0,408.5396825,47.16129032,37.0,0.0,0.5,0.0,2.604570401,0.062013581,0.268725518,0.723491778,0.020672882,Tutor Feedback,4,0,1,500,590,1.0,0.4,1.0,0.5,0.65,0.597820579,0.496881084,0.268725518,0.191603419,0.79301695,0.947010523,-0.05,-0.100939496,-0.077122098,-0.153993573,Control,Control,Control,Tutor Feedback + Socially-Oriented Learner Feedback
94,397,d4f2320a-b2cc-42a0-ad67-34cf86048cbf,2,2.5,69.50133333,0.896561817,0.831702544,1.0,472.1186441,68.875,54.0,0.0,1.0,1.5,1.899244139,0.115105705,0.143882132,0.489199248,5.67e-07,Tutor Feedback,5,0,0,500,590,0.95,0.6,0.9,0.766666667,0.8875,0.652064199,0.539488577,0.115105705,0.169164408,0.896561817,0.937745771,0.1125,-0.112575622,0.054058703,-0.041183954,Control,Control,Control,Tutor Feedback + Socially-Oriented Learner Feedback
95,398,d503c945-0cac-47fa-a2b4-d6e2dac07c68,6,2.166666667,78.5375,0.852038842,0.757122958,0.827586207,540.2765957,140.4814815,88.0,3.0,1.0,0.666666667,1.336940952,0.203724336,0.140060481,0.3947159,0.012733482,Tutor Feedback,5,0,4,500,590,0.916666667,0.371428571,0.95,0.4875,0.733333333,0.789019459,0.680619557,0.178258794,0.166666667,0.852038842,0.930855096,0.089285714,-0.108399903,-0.011592127,-0.078816254,Control,Control,Control,Tutor Feedback + Socially-Oriented Learner Feedback
96,399,db9cf5d2-97a0-4901-b5e2-3b167404c06d,4,2.25,75.83283333,0.98031545,0.965918677,0.727272727,2648.222222,76.9,34.0,9.0,1.0,1.0,0.276924903,0.0395607,0.0131869,0.092308301,1.02e-07,Tutor Feedback,4,0,0,500,590,0.95,0.533333333,0.933333333,0.65,0.8,0.708900538,0.612086293,0.105495201,0.316086297,0.98031545,0.693367943,0.058333333,-0.096814245,0.210591096,0.286947507,Control,Control,Control,Tutor Feedback + Socially-Oriented Learner Feedback
97,400,dba1814c-c769-40c0-b10c-5b1d17cc96a5,3,2.666666667,53.35316667,0.935154159,0.918694217,1.0,1343.625,99.4,74.0,0.0,1.0,0.0,0.993380587,0.13120121,0.07497212,0.393603629,0.018743359,Tutor Feedback,5,0,1,600,690,1.0,0.7,1.0,0.725,0.95,0.686775912,0.756813908,0.412346659,0.143785621,0.935154159,0.94672976,0.1,0.070037996,-0.268561037,-0.011575601,Control,Control,Control,Tutor Feedback + Socially-Oriented Learner Feedback
98,401,ddaba972-ea38-429f-aeb7-3eed913dd710,2,2.0,115.4851667,0.786668745,0.857245492,0.0,394.1626016,58.3553719,0.0,22.33333333,1.0,3.5,2.744444444,0.233333333,0.377777778,0.833333333,1.26e-06,Tutor Feedback,4,0,0,500,590,0.75,0.5,0.9,0.7,0.8,0.66667193,0.742026707,0.711111111,0.564089782,0.786668745,0.91407227,0.175,0.075354777,-0.147021329,-0.127403525,Control,Control,Control,Tutor Feedback + Socially-Oriented Learner Feedback
99,402,de2f926d-7a2b-4b07-a45c-2c74b5d8c182,6,2.6,94.1885,0.924773487,0.896940656,0.0,1676.741935,202.2222222,0.0,20.46153846,1.0,0.166666667,0.788888889,0.122222222,0.077777778,0.244444444,0.022228843,Tutor Feedback,4,0,0,500,590,0.9,0.4,0.871428571,0.416666667,0.78,0.725977327,0.76081144,0.277777778,0.055627322,0.924773487,0.988893095,0.13,0.034834113,-0.222150456,-0.064119608,Control,Control,Control,Tutor Feedback + Socially-Oriented Learner Feedback
100,403,deebb1e3-a5d3-4245-a83d-c6eb4f12f22f,3,2.333333333,74.0675,0.961943252,0.95207626,0.761904762,907.2941176,40.79411765,46.0,38.0,1.0,0.333333333,0.958585074,0.148513181,0.108009586,0.324028758,3.55e-07,Tutor Feedback,4,0,0,400,490,0.8,0.2,0.775,0.4,0.483333333,0.649978547,0.545924765,0.405035947,0.16077892,0.961943252,0.994773103,-0.016666667,-0.104053782,-0.244257027,-0.032829851,Control,Control,Control,Tutor Feedback + Socially-Oriented Learner Feedback
101,404,e1948dca-438d-440d-8608-4e4416dab6d4,2,2.5,70.2835,0.941043993,0.87505509,0.157480315,378.1860465,134.0625,34.75,29.06896552,0.5,3.0,1.308984328,0.071140453,0.128052815,0.398386535,0.014228672,Tutor Feedback,5,0,4,400,490,0.85,0.366666667,0.8,0.5,0.65,0.550218448,0.507288241,0.170737086,0.244444444,0.941043993,0.634147745,0.041666667,-0.042930207,0.073707358,0.306896248,Control,Control,Control,Tutor Feedback + Socially-Oriented Learner Feedback
102,405,e1f83f55-b625-482c-b4e0-df661e7b85ff,3,2.333333333,67.25566667,0.93325369,0.915998035,0.0,628.6578947,50.33333333,0.0,9.785714286,0.666666667,1.0,1.308439933,0.089211814,0.104080449,0.327109983,2.96e-07,Tutor Feedback,5,0,0,500,590,0.966666667,0.433333333,0.933333333,0.7,0.75,0.762216624,0.484448753,0.118949085,0.068315499,0.93325369,0.970722281,0.05,-0.277767871,-0.050633586,-0.03746859,Control,Control,Control,Tutor Feedback + Socially-Oriented Learner Feedback
103,406,e435ea9d-b547-4371-9291-0671f8b54240,3,2.0,69.116,0.936266131,0.908692476,0.0,938.2285714,88.4,0.0,0.0,1.0,4.666666667,1.012790092,0.202558018,0.072342149,0.448521326,0.014468012,Tutor Feedback,5,0,1,500,590,1.0,0.6,1.0,0.725,0.816666667,0.826979085,0.790378871,0.274900168,0.355555556,0.936266131,0.923558602,0.016666667,-0.036600215,0.080655388,0.012707529,Control,Control,Control,Tutor Feedback + Socially-Oriented Learner Feedback
104,407,e5fd030a-082e-4141-ad9f-69d06f854d7c,4,2.5,70.06483333,0.915248336,0.899325702,0.931034483,544.9772727,58.48780488,59.0,1.0,1.0,0.0,1.313069562,0.199814933,0.085634971,0.485264838,0.01272498,Tutor Feedback,4,1,2,500,590,0.85,0.42,0.9,0.35,0.8,0.747049185,0.725959128,0.399629867,0.624587194,0.915248336,0.959698398,0.165,-0.021090057,0.224957327,-0.044450062,Control,Control,Control,Tutor Feedback + Socially-Oriented Learner Feedback
105,408,e64fcddc-dead-475e-9bdb-b5bfc7c4379a,5,2.4,86.58766667,0.853414476,0.795198698,0.795918367,355.8550725,70.93589744,50.5,29.0,1.0,4.4,1.743897322,0.092391911,0.161685844,0.438861578,5.09e-06,Tutor Feedback,5,0,2,400,490,0.78,0.28,0.8,0.275,0.6625,0.569261638,0.593359133,0.115489889,0.218164085,0.853414476,0.936007087,0.1325,0.024097495,0.102674196,-0.082592611,Control,Control,Control,Tutor Feedback + Socially-Oriented Learner Feedback
106,409,e670544e-59e2-48db-9c9f-ce9f9a277d64,8,2.285714286,76.98683333,0.701466338,0.745892526,0.34375,394.9705882,99.17073171,37.0,4.538461538,1.0,0.25,2.130234391,0.129892341,0.324730852,0.532558598,0.027210282,Tutor Feedback,5,0,2,600,690,0.875,0.5375,0.914285714,0.54,0.7875,0.708585545,0.819329941,0.389677023,0.285487964,0.701466338,0.958619766,0.08125,0.110744396,-0.104189059,-0.257153428,Control,Control,Control,Tutor Feedback + Socially-Oriented Learner Feedback
107,410,e7860ae1-b806-4bb1-a5ef-eee83277c1cf,3,3.0,69.43233333,0.870444367,0.831740715,1.0,609.852459,112.4918033,38.0,0.0,1.0,3.0,1.771508951,0.201635165,0.129622606,0.504087913,0.014403397,Tutor Feedback,4,2,3,500,590,0.966666667,0.566666667,0.85,0.55,0.7,0.778312367,0.60714823,0.172830142,0.361579782,0.870444367,0.92313269,-0.066666667,-0.171164137,0.188749641,-0.052688323,Control,Control,Control,Tutor Feedback + Socially-Oriented Learner Feedback
108,411,e9375d2f-2a88-4928-9e6e-6178be8c3051,9,2.111111111,97.67416667,0.900815134,0.863996274,0.560810811,566.0181818,63.17142857,61.4,12.66666667,1.0,0.555555556,1.611111111,0.155555556,0.088888889,0.366666667,0.066634439,Tutor Feedback,5,2,4,500,590,0.925,0.4625,0.9,0.557142857,0.83,0.673752153,0.619716549,0.322222222,0.511111111,0.900815134,0.826101204,0.13625,-0.054035604,0.188888889,0.074713929,Control,Control,Control,Tutor Feedback + Socially-Oriented Learner Feedback
109,412,eb98cd81-1ee0-4477-9ca4-c7c036a38e51,5,2.4,78.448,0.866404874,0.762755488,0.989247312,477.8043478,133.5319149,106.0,2.0,1.0,0.4,1.223740567,0.127472976,0.178462166,0.407913522,0.012744685,Tutor Feedback,5,1,4,600,690,0.9,0.675,1.0,0.833333333,0.9,0.657875148,0.567910768,0.254945951,0.12452851,0.866404874,0.758476447,0.1125,-0.08996438,-0.130417441,0.107928427,Control,Control,Control,Tutor Feedback + Socially-Oriented Learner Feedback
110,413,ebd21c8e-d909-4fda-822e-64d84fae306f,2,2.5,78.04398333,0.397355753,0.372047695,0.0,58.83417085,70.76470588,0.0,0.0,1.0,3.5,6.252884324,0.1025063,1.20444903,0.973809854,9.49e-06,Tutor Feedback,4,0,0,500,590,0.95,0.65,0.9,0.6,0.85,0.502740769,0.508970611,0.474091639,0.192660992,0.397355753,0.798434504,0.05,0.006229842,-0.281430647,-0.401078751,Control,Control,Control,Tutor Feedback + Socially-Oriented Learner Feedback
111,414,ebded1d3-4869-43eb-858d-3957d0b5de03,5,2.2,81.41883333,0.925426817,0.925179736,0.0,787.3728814,71.62222222,0.0,18.44444444,0.8,1.8,1.498424812,0.171950388,0.122821706,0.491286823,0.036846692,Tutor Feedback,4,0,0,500,590,0.875,0.466666667,1.0,0.6,0.783333333,0.709406769,0.995977798,0.221079071,0.028531213,0.925426817,0.998645627,0.1125,0.286571028,-0.192547857,-0.07321881,Control,Control,Control,Tutor Feedback + Socially-Oriented Learner Feedback
112,415,ed73b0cb-ad38-447b-88aa-d3c906b48ec6,2,3.0,86.51116667,0.9064584,0.778202068,0.968421053,415.6458333,130.7804878,63.25,1.0,1.0,0.0,1.098124134,0.138710417,0.138710417,0.358335244,0.049514217,Tutor Feedback,5,0,0,500,590,0.9,0.2,1.0,0.7,0.7,0.640179269,0.548160938,0.312098438,0.309581549,0.9064584,0.442223462,0.15,-0.092018332,-0.002516889,0.464234938,Control,Control,Control,Tutor Feedback + Socially-Oriented Learner Feedback
113,416,ef7eaf1d-3680-410d-9e86-3512f9ef34ef,1,3.0,36.4165,0.487781233,0.789266648,0.0,277.7045455,61.88888889,0.0,0.0,1.0,0.0,2.443947112,0.164760479,0.274600799,0.576661678,6.49e-07,Tutor Feedback,5,0,0,600,690,1.0,0.8,1.0,0.85,1.0,0.703015683,0.610748026,0.247140719,0.031675558,0.487781233,0.943663129,0.1,-0.092267657,-0.215465161,-0.455881896,Control,Control,Control,Tutor Feedback + Socially-Oriented Learner Feedback
114,417,ef987850-e001-4ac3-9ef6-011e53121db8,4,2.25,77.50733333,0.938994273,0.891898428,0.0,682.1363636,106.1212121,0.0,18.91666667,1.0,4.75,1.148278442,0.15482406,0.116118045,0.438668169,0.038677391,Tutor Feedback,4,0,2,500,590,0.875,0.5,0.9,0.3,0.7,0.671171849,0.829157167,0.322550124,0.088771654,0.938994273,0.981410095,0.0125,0.157985318,-0.23377847,-0.042415822,Control,Control,Control,Tutor Feedback + Socially-Oriented Learner Feedback
115,418,f0308782-cedf-4f63-987a-f5d51bb34f07,2,3.0,75.88166667,0.816057252,0.787993921,0.0,257.5643564,55.17272727,0.0,33.5,1.0,3.0,2.807002131,0.092248896,0.355817171,0.606207033,0.014947788,Tutor Feedback,4,0,4,400,490,0.9,0.3,1.0,0.4,0.65,0.604245372,0.605349848,0.171319379,0.1,0.816057252,0.88500872,0.05,0.001104477,-0.071319379,-0.068951468,Control,Control,Control,Tutor Feedback + Socially-Oriented Learner Feedback
116,419,f31e4918-d329-478c-925d-7e77eee319d9,2,2.5,62.49833333,0.870172109,0.837690207,1.0,696.6923077,111.7241379,41.0,0.0,1.0,1.5,0.896023894,0.09600256,0.112002987,0.272007254,0.032000953,Tutor Feedback,4,0,1,600,690,0.8,0.65,0.95,0.85,0.675,0.697493322,0.584164251,0.14400384,0.166666667,0.870172109,0.935758232,-0.05,-0.113329071,0.022662827,-0.065586123,Control,Control,Control,Tutor Feedback + Socially-Oriented Learner Feedback
117,420,f3cf6574-85a9-4107-a462-63e23047c48c,3,2.666666667,74.365,0.901476568,0.753024194,0.0,486.6666667,119.0,0.0,0.0,1.0,1.0,1.183352384,0.121024676,0.134471862,0.322732468,0.040292476,Tutor Feedback,4,0,0,600,690,1.0,0.675,0.966666667,0.675,0.933333333,0.686648782,0.856842966,0.268943724,0.08054358,0.901476568,0.935202256,0.095833333,0.170194184,-0.188400144,-0.033725688,Control,Control,Control,Tutor Feedback + Socially-Oriented Learner Feedback
118,421,f4344954-7ab2-4349-9e4d-1ac36670f040,6,2.5,81.48,0.870424521,0.859606246,0.421052632,626.3488372,94.97560976,47.4,20.29411765,1.0,0.833333333,1.300932744,0.159548355,0.220913108,0.29455081,0.036819132,Tutor Feedback,4,0,0,500,590,0.866666667,0.371428571,0.866666667,0.4,0.683333333,0.741260611,0.651300916,0.135002455,0.02706446,0.870424521,0.984254723,0.064285714,-0.089959695,-0.107937994,-0.113830202,Control,Control,Control,Tutor Feedback + Socially-Oriented Learner Feedback
119,422,f48c0a9a-1bd4-462a-bb88-68d80dfc53f0,3,2.666666667,76.07033333,0.954048486,0.926149764,0.0,837.4375,50.58823529,0.0,15.1,1.0,0.0,0.999075417,0.039437188,0.078874375,0.170894479,0.013145693,Tutor Feedback,5,0,0,600,690,1.0,0.7,1.0,0.8,0.95,0.777928253,0.669750784,0.026291458,0.040388085,0.954048486,0.490947074,0.1,-0.108177469,0.014096626,0.463101413,Control,Control,Control,Tutor Feedback + Socially-Oriented Learner Feedback
120,423,f53b73be-f3e3-47af-82d4-28d055f16d29,2,2.0,76.0795,0.507847454,0.431261343,0.0,142.245283,110.1084337,0.0,0.0,1.0,2.5,3.575207513,0.157729743,0.801792861,0.525765811,0.092692502,Tutor Feedback,5,0,4,600,690,1.0,0.75,1.0,0.733333333,0.883333333,0.636720612,0.673488558,0.131441453,0.074792156,0.507847454,0.90694258,0.008333333,0.036767946,-0.056649297,-0.399095126,Control,Control,Control,Tutor Feedback + Socially-Oriented Learner Feedback
121,424,f58641a3-9e15-454c-bef1-7c810f3027f8,5,2.0,65.732,0.94720121,0.917213713,0.7625,949.7272727,91.83333333,55.33333333,6.1,1.0,0.4,0.806304388,0.060853161,0.060853161,0.182559484,2.65e-07,Tutor Feedback,5,1,4,500,590,0.86,0.45,0.7,0.75,0.916666667,0.647098081,0.756294614,0.212986065,0.127965504,0.94720121,0.930229765,0.261666667,0.109196533,-0.085020561,0.016971445,Control,Control,Control,Tutor Feedback + Socially-Oriented Learner Feedback
122,425,f6dbab87-fb46-435f-a5c0-0b56ad67e18c,2,2.5,70.16633333,0.914032976,0.878953108,1.0,785.175,87.20930233,37.0,0.0,1.0,3.5,1.197155331,0.128266643,0.042755548,0.456059174,0.010495907,Tutor Feedback,4,0,1,600,690,0.85,0.65,0.8,0.5,0.9,0.675595708,0.535241373,0.228029587,0.116930117,0.914032976,0.966855461,0.15,-0.140354335,-0.11109947,-0.052822485,Control,Control,Control,Tutor Feedback + Socially-Oriented Learner Feedback
123,426,f76a9281-9402-46ad-9e46-840e54313ddf,3,2.666666667,84.39383333,0.959477822,0.930545991,0.288135593,1175.125,102.5769231,25.5,30.8,1.0,0.333333333,0.770198454,0.082944449,0.11849207,0.272531761,0.011848981,Tutor Feedback,5,0,0,400,490,0.666666667,0.32,0.75,0.35,0.583333333,0.623072637,0.728720063,0.414722245,0.396823704,0.959477822,0.938131622,0.09,0.105647426,-0.017898541,0.0213462,Control,Control,Control,Tutor Feedback + Socially-Oriented Learner Feedback
124,427,f83d8f7c-368a-42ef-97c5-796f32701f47,7,2.5,85.467,0.933137178,0.882842802,0.288288288,579.2321429,70.12962963,46.0,25.1,1.0,2.0,1.427451531,0.128704646,0.152105491,0.374413516,0.016205208,Tutor Feedback,4,0,3,400,490,0.585714286,0.314285714,0.733333333,0.4,0.616666667,0.645909659,0.690934273,0.163805913,0.155555556,0.933137178,0.961105059,0.166666667,0.045024614,-0.008250358,-0.027967882,Control,Control,Control,Tutor Feedback + Socially-Oriented Learner Feedback
125,428,f88211f5-6094-48d0-b697-93b22a5d9941,2,2.0,55.54431667,0.928613052,0.851608557,1.0,742.7,131.5925926,60.0,0.0,1.0,0.5,1.09822217,0.144029137,0.126025495,0.396080127,3.42e-07,Tutor Feedback,4,0,4,600,690,1.0,0.65,0.95,0.7,0.925,0.636497884,0.598086178,0.270054632,0.084509423,0.928613052,0.911638194,0.1,-0.038411706,-0.185545209,0.016974858,Control,Control,Control,Tutor Feedback + Socially-Oriented Learner Feedback
126,429,f9393812-4897-498a-912c-d928d2eb52ec,2,2.0,56.08816667,0.867724924,0.890675822,1.0,566.8157895,61.92105263,45.5,0.0,1.0,6.0,1.390667669,0.26743609,0.213948872,0.499214035,5.93e-07,Tutor Feedback,4,3,3,500,590,1.0,0.35,0.95,0.6,0.95,0.783351313,0.626183206,0.320923308,0.387970935,0.867724924,0.586769207,0.275,-0.157168107,0.067047627,0.280955716,Control,Control,Control,Tutor Feedback + Socially-Oriented Learner Feedback
127,430,f961d5dc-457f-4ca9-84cb-2514f13b90a0,3,2.5,83.94466667,0.850829395,0.810948582,0.533333333,624.2745098,127.8653846,27.0,52.0,1.0,2.666666667,1.262736565,0.047650436,0.107213482,0.297815227,0.011902658,Tutor Feedback,5,0,1,500,590,0.833333333,0.4,0.566666667,0.5,0.616666667,0.599356053,0.747893457,0.154863918,0.2,0.850829395,0.940935245,0.0,0.148537405,0.045136082,-0.09010585,Control,Control,Control,Tutor Feedback + Socially-Oriented Learner Feedback
128,431,fb0ad83e-b045-442e-922a-c698fe472f07,4,2.5,90.228,0.952086331,0.924779471,0.98,264.0898876,27.45762712,29.26666667,2.333333333,1.0,4.25,2.044444444,0.166666667,0.122222222,0.7,9.78e-07,Tutor Feedback,5,1,1,400,490,0.7,0.375,0.633333333,0.333333333,0.725,0.785329072,0.778020542,0.222222222,0.255585847,0.952086331,0.972942958,0.1875,-0.00730853,0.033363625,-0.020856628,Control,Control,Control,Tutor Feedback + Socially-Oriented Learner Feedback
129,432,fbac7417-89a1-4aa1-bc20-efde908347fd,4,2.25,79.6715,0.926401788,0.883197228,0.041984733,538.4727273,174.55,37.0,22.5,0.75,4.5,1.430875533,0.150618477,0.150618477,0.376546193,0.037654594,Tutor Feedback,4,0,4,400,490,0.875,0.25,0.766666667,0.366666667,0.616666667,0.791543598,0.692788887,0.075309239,0.266666667,0.926401788,0.961871516,0.054166667,-0.098754711,0.191357428,-0.035469729,Control,Control,Control,Tutor Feedback + Socially-Oriented Learner Feedback
130,433,fe7a765a-d630-4f4f-b9bd-47a2be2e5887,6,2.5,58.8635,0.955342504,0.918812589,0.226415094,1155.684211,107.875,38.0,23.375,1.0,1.166666667,0.747492079,0.050965369,0.016988456,0.203861476,0.016988723,Tutor Feedback,5,0,0,600,690,0.983333333,0.6,0.942857143,0.65,0.916666667,0.581528913,0.61337671,0.203861476,0.034356784,0.955342504,0.983227943,0.125,0.031847798,-0.169504692,-0.027885439,Control,Control,Control,Tutor Feedback + Socially-Oriented Learner Feedback
131,434,fe980f25-cab9-4410-9411-7916e8f9e536,5,2.6,75.72416667,0.632088952,0.652402666,0.534090909,200.6666667,80.2885906,47.33333333,16.57142857,1.0,0.2,3.684424831,0.118852414,0.303733947,0.488615479,0.089210564,Tutor Feedback,4,0,2,600,690,0.975,0.56,0.933333333,0.62,0.775,0.619461808,0.614731153,0.171675709,0.078553224,0.632088952,0.835758804,0.0075,-0.004730654,-0.093122485,-0.203669851,Control,Control,Control,Tutor Feedback + Socially-Oriented Learner Feedback
132,600,a3e0bd45-1e5a-40c2-9840-caf65869cca9,4,3.0,82.2825,0.96246061,0.953192572,0.125,1233.769231,132.3636364,38.0,23.53846154,0.75,0.75,0.619815878,0.109379273,0.04861301,0.218758545,0.002054357,Tutor Feedback + Socially-Oriented Learner Feedback,5,0,4,500,590,0.85,0.366666667,0.8,0.3,0.8,0.799235328,0.779323319,0.218758545,0.326140788,0.96246061,0.888732989,0.191666667,-0.019912009,0.107382243,0.073727621,Control,Control,Control,Tutor Feedback + Socially-Oriented Learner Feedback
133,601,a6fa9fc2-e444-4670-a29f-6485ee1a5b54,5,2.2,98.79983333,0.930758661,0.899462366,0.339449541,505.9473684,56.84,66.33333333,26.52631579,0.8,1.6,1.433333333,0.133333333,0.122222222,0.4,0.044444062,Tutor Feedback + Socially-Oriented Learner Feedback,4,0,1,400,490,0.76,0.24,0.95,0.45,0.575,0.658824862,0.547198837,0.4,0.355555556,0.930758661,0.967763252,0.075,-0.111626025,-0.044444444,-0.037004591,Control,Control,Control,Tutor Feedback + Socially-Oriented Learner Feedback
134,602,a92516f1-6ba8-442e-a933-7f1299e8d340,1,3.0,89.76431667,0.857319259,0.93886643,1.0,963.7843137,57.7755102,57.0,0.0,1.0,0.0,1.13630899,0.189384832,0.122543126,0.401050232,0.010625023,Tutor Feedback + Socially-Oriented Learner Feedback,5,1,2,600,690,1.0,0.8,1.0,0.75,0.9,0.683796458,0.794433028,0.278507105,0.11622276,0.857319259,0.86311277,1.11e-16,0.11063657,-0.162284345,-0.005793511,Control,Control,Control,Tutor Feedback + Socially-Oriented Learner Feedback
135,603,a945171f-9a8b-4c57-85a1-a2b25b33890b,3,2.333333333,79.91931667,0.881811651,0.811777506,1.0,498.32,102.4423077,38.0,0.0,1.0,8.0,1.288799808,0.162664053,0.150151434,0.538042638,0.012507243,Tutor Feedback + Socially-Oriented Learner Feedback,4,0,4,600,690,0.8,0.466666667,1.0,0.5,0.9,0.619786701,0.685246603,0.513017399,0.201419017,0.881811651,0.882437346,0.266666667,0.065459901,-0.311598383,-0.000625694,Control,Control,Control,Tutor Feedback + Socially-Oriented Learner Feedback
136,604,afdbc197-25e1-43c2-98dd-a5c31e3ccb6f,2,2.5,64.6915,0.929517227,0.845508563,1.0,346.5172414,52.38095238,35.75,0.0,1.0,0.0,1.932247668,0.216411739,0.185495776,0.510113384,0.030670179,Tutor Feedback + Socially-Oriented Learner Feedback,5,0,4,500,590,0.8,0.333333333,0.725,0.375,0.6875,0.756958654,0.858757387,0.23186972,0.1,0.929517227,0.995215466,0.120833333,0.101798733,-0.13186972,-0.065698239,Control,Control,Control,Tutor Feedback + Socially-Oriented Learner Feedback
137,605,b0be8a3a-8759-4624-9605-8b7505f74383,3,3.0,83.74548333,0.835246841,0.775489602,0.0,320.55,82.94,0.0,0.0,0.666666667,6.333333333,2.388188497,0.250759792,0.322405447,0.716456549,0.012113454,Tutor Feedback + Socially-Oriented Learner Feedback,4,0,1,500,590,0.65,0.533333333,0.8,0.3,0.65,0.697994974,0.654380195,0.417932987,0.51179879,0.835246841,0.906130825,0.058333333,-0.043614779,0.093865803,-0.070883984,Control,Control,Control,Tutor Feedback + Socially-Oriented Learner Feedback
138,606,b0f09a33-048d-42cd-8c16-ec96b0b987ee,2,2.0,134.75515,0.761412179,0.671380868,0.75862069,190.056872,83.64912281,40.75,35.0,1.0,0.0,4.955555556,0.444444444,0.788888889,1.3,0.032994627,Tutor Feedback + Socially-Oriented Learner Feedback,5,0,0,600,690,0.6,0.4,0.7,0.65,1.0,0.662417667,0.602972206,0.844444444,0.177819928,0.761412179,0.693515834,0.5,-0.059445461,-0.666624517,0.067896345,Control,Control,Control,Tutor Feedback + Socially-Oriented Learner Feedback
139,607,b63f804f-c271-4e6e-8a4a-920f2ed8ff24,2,2.5,71.74716667,0.737186889,0.681174484,1.0,259.127907,95.20754717,37.0,0.0,1.0,3.0,2.690001696,0.083626996,0.292694485,0.362383648,0.040721536,Tutor Feedback + Socially-Oriented Learner Feedback,5,0,2,500,590,1.0,0.35,1.0,0.7,0.85,0.590507921,0.599452618,0.153316159,0.218673768,0.737186889,0.775146632,0.175,0.008944697,0.065357609,-0.037959742,Control,Control,Control,Tutor Feedback + Socially-Oriented Learner Feedback
140,608,b72d9524-9363-4308-86ca-4920b6f46c72,8,2.5,83.37783333,0.925557412,0.906991392,0.08259587,612.0491803,97.20588235,45.0,21.81481481,1.0,0.5,1.811032908,0.13192955,0.143923145,0.335820672,0.01199424,Tutor Feedback + Socially-Oriented Learner Feedback,3,0,3,500,590,0.925,0.566666667,0.928571429,0.6125,0.883333333,0.67804264,0.746801865,0.239871908,0.211897092,0.925557412,0.882773581,0.1375,0.068759224,-0.027974816,0.042783831,Control,Control,Control,Tutor Feedback + Socially-Oriented Learner Feedback
141,609,b8aec6b4-1b21-4b75-8e4c-3df80c9f9d7b,5,2.2,83.4935,0.902883451,0.861011591,0.941176471,699.0,104.4897959,67.5,1.5,1.0,1.2,1.269559906,0.191631684,0.179654704,0.407217328,0.023954264,Tutor Feedback + Socially-Oriented Learner Feedback,5,0,0,500,590,0.966666667,0.4,0.85,0.6,0.85,0.758407923,0.704418694,0.227562625,0.163141042,0.902883451,0.926219228,0.166666667,-0.053989229,-0.064421582,-0.023335777,Control,Control,Control,Tutor Feedback + Socially-Oriented Learner Feedback
142,610,b9ec87b0-0873-419a-aae8-db5705271b9d,3,2.0,67.99048333,0.967051032,0.90085922,0.916666667,661.2592593,70.16666667,37.0,1.0,1.0,2.0,0.808936741,0.117663526,0.058831763,0.264742933,0.014709344,Tutor Feedback + Socially-Oriented Learner Feedback,5,0,3,500,590,0.966666667,0.533333333,0.85,0.55,0.8,0.773385327,0.684665265,0.176495289,0.258605436,0.967051032,0.957710957,0.05,-0.088720062,0.082110147,0.009340075,Control,Control,Control,Tutor Feedback + Socially-Oriented Learner Feedback
143,611,bb7c0201-0c96-4eeb-ae10-7c224067892c,5,2.25,92.62383333,0.95649505,0.931708755,0.0,1463.148148,89.44827586,0.0,48.0,0.8,0.2,0.644444444,0.1,0.111111111,0.177777778,0.01107933,Tutor Feedback + Socially-Oriented Learner Feedback,5,0,1,600,690,0.94,0.38,0.866666667,0.7,0.8,0.712821555,0.766261118,0.077777778,0.123108658,0.95649505,0.98219211,0.14,0.053439563,0.04533088,-0.02569706,Control,Control,Control,Tutor Feedback + Socially-Oriented Learner Feedback
144,612,bc305cb1-a1c4-45cf-8c40-f652d918b0cb,3,2.0,66.656,0.904853618,0.856385329,1.0,459.4259259,64.29310345,139.25,0.0,1.0,6.333333333,1.740278445,0.120019203,0.165026404,0.540086414,0.030004925,Tutor Feedback + Socially-Oriented Learner Feedback,4,1,1,500,590,0.966666667,0.666666667,0.85,0.5,0.875,0.509861936,0.546244418,0.330052808,0.060464671,0.904853618,0.829537882,0.058333333,0.036382482,-0.269588137,0.075315736,Control,Control,Control,Tutor Feedback + Socially-Oriented Learner Feedback
145,613,bfc05917-7ca8-494b-8736-eab1f916b56e,4,2.5,49.77365,0.700139422,0.71313957,0.0,173.0366972,56.16,0.0,0.0,0.75,0.0,4.701282707,0.361637131,0.522364745,0.944274732,0.080358356,Tutor Feedback + Socially-Oriented Learner Feedback,3,0,2,400,490,0.75,0.2,0.866666667,0.1,0.7,0.691198788,0.634571691,0.642910456,0.04541671,0.700139422,0.794402753,0.225,-0.056627097,-0.597493746,-0.094263331,Control,Control,Control,Tutor Feedback + Socially-Oriented Learner Feedback
146,614,c7ee6616-31d9-4700-9dbf-3075308f1b43,2,2.0,91.51733333,0.801344579,0.737346511,0.864583333,263.4303797,84.43037975,41.2,16.66666667,1.0,0.0,1.844444444,0.2,0.166666667,0.555555556,0.099996034,Tutor Feedback + Socially-Oriented Learner Feedback,5,1,3,600,690,1.0,0.666666667,0.966666667,0.933333333,0.966666667,0.67916376,0.647337494,0.311111111,0.307364583,0.801344579,0.917158302,0.133333333,-0.031826266,-0.003746528,-0.115813723,Control,Control,Control,Tutor Feedback + Socially-Oriented Learner Feedback
147,615,d08751ac-28ab-4700-92d0-54a8c695a3e5,2,3.0,76.43966667,0.501419755,0.551704328,0.611111111,115.7821782,94.73529412,37.0,33.0,1.0,0.0,2.681853662,0.13082213,0.313973112,0.667192862,0.000103817,Tutor Feedback + Socially-Oriented Learner Feedback,5,1,3,600,690,0.8,0.5,0.7,0.4,0.75,0.528709025,0.460108333,0.327055325,0.099758363,0.501419755,0.164361865,0.1,-0.068600691,-0.227296962,0.33705789,Control,Control,Control,Tutor Feedback + Socially-Oriented Learner Feedback
148,616,d3345a13-e10f-4c11-8157-cd64ef93067d,3,2.333333333,89.14066667,0.853981041,0.857128906,0.726618705,897.6666667,122.0425532,54.83333333,20.28571429,1.0,1.666666667,1.144258887,0.112182244,0.123400468,0.325328507,0.033329351,Tutor Feedback + Socially-Oriented Learner Feedback,4,2,4,600,690,0.966666667,0.45,1.0,0.833333333,0.825,0.712583165,0.727490852,0.201928039,0.68981115,0.853981041,0.837912674,0.116666667,0.014907687,0.487883111,0.016068366,Control,Control,Control,Tutor Feedback + Socially-Oriented Learner Feedback
149,617,d4cdef3e-2728-4177-8baa-90c1c0eccced,5,2.2,71.85683333,0.907259565,0.885987815,0.0,757.6857143,82.18918919,0.0,33.0,1.0,1.2,1.015908949,0.194831853,0.111332488,0.333997463,0.016443582,Tutor Feedback + Socially-Oriented Learner Feedback,4,1,4,600,690,0.96,0.4875,0.925,0.66,0.7,0.727610466,0.913180054,0.222664975,0.239725179,0.907259565,0.964582092,-0.02375,0.185569588,0.017060204,-0.057322527,Control,Control,Control,Tutor Feedback + Socially-Oriented Learner Feedback
150,618,da6df1a5-8554-44dc-ba6b-4e5f3d1d583a,3,2.0,92.9235,0.969565209,0.946263838,1.0,1003.514286,46.47368421,38.0,0.0,1.0,7.0,0.822222222,0.144444444,0.111111111,0.288888889,0.011111136,Tutor Feedback + Socially-Oriented Learner Feedback,5,0,1,500,590,0.9,0.533333333,0.933333333,0.6,0.7,0.752414148,0.784409078,0.211111111,0.278881376,0.969565209,0.963190225,-0.016666667,0.03199493,0.067770265,0.006374983,Control,Control,Control,Tutor Feedback + Socially-Oriented Learner Feedback
151,619,e46b2e0b-3a45-4b21-bfef-11fab5c6b154,2,2.0,91.61498333,0.970173136,0.918616145,0.15,830.137931,133.6,30.33333333,38.375,0.5,0.0,0.7,0.088888889,0.033333333,0.144444444,0.011111798,Tutor Feedback + Socially-Oriented Learner Feedback,4,1,4,600,690,0.95,0.6,0.95,0.8,0.925,0.693843435,0.494860487,0.088888889,0.166666667,0.970173136,0.953507157,0.15,-0.198982948,0.077777778,0.016665978,Control,Control,Control,Tutor Feedback + Socially-Oriented Learner Feedback
152,620,e6304959-4020-4afa-bae9-6c2784680c41,3,2.666666667,88.0665,0.973064822,0.947291556,0.071637427,277.3366337,220.0,48.33333333,21.68932039,1.0,0.333333333,2.429981889,0.170325833,0.079485389,0.772143778,0.011355478,Tutor Feedback + Socially-Oriented Learner Feedback,4,0,4,400,490,0.7,0.3,0.833333333,0.4,0.575,0.737523935,0.671426071,0.374716833,0.322222222,0.973064822,0.998368163,0.075,-0.066097864,-0.052494611,-0.025303342,Control,Control,Control,Tutor Feedback + Socially-Oriented Learner Feedback
153,621,e8e8e3f4-fc00-40dc-97de-e3541e6529a3,5,2.8,85.784,0.991221649,0.985887817,0.247126437,551.4883721,39.71428571,64.5,24.0,0.2,0.0,1.107432621,0.116571855,0.093257484,0.303086823,1.56e-07,Tutor Feedback + Socially-Oriented Learner Feedback,5,0,4,400,490,0.72,0.216666667,0.566666667,0.425,0.533333333,0.735577468,0.667744093,0.116571855,0.225361468,0.991221649,0.992811545,0.065,-0.067833375,0.108789613,-0.001589896,Control,Control,Control,Tutor Feedback + Socially-Oriented Learner Feedback
154,622,ed2cec77-d7ca-4d79-8cb0-c5567240d09d,7,2.285714286,69.08733333,0.872495001,0.859799415,0.642105263,913.475,130.4047619,113.0,38.5,0.857142857,0.0,1.273750133,0.202642067,0.2171165,0.405284133,0.028948663,Tutor Feedback + Socially-Oriented Learner Feedback,5,0,0,600,690,0.883333333,0.733333333,0.95,0.74,0.858333333,0.813679535,0.630412382,0.2171165,0.131571474,0.872495001,0.885894351,0.05,-0.183267153,-0.085545026,-0.01339935,Control,Control,Control,Tutor Feedback + Socially-Oriented Learner Feedback
155,623,f3294097-20c4-4ed0-8ce1-6688e69bc49d,3,3.0,79.7275,0.939480163,0.898953007,0.8,588.8301887,63.78,50.0,30.0,1.0,2.333333333,1.379699602,0.100341789,0.112884513,0.451538051,9.76e-07,Tutor Feedback + Socially-Oriented Learner Feedback,5,0,1,500,590,0.866666667,0.433333333,0.866666667,0.366666667,0.85,0.672236696,0.660087243,0.413909881,0.366666667,0.939480163,0.950601664,0.2,-0.012149453,-0.047243214,-0.011121501,Control,Control,Control,Tutor Feedback + Socially-Oriented Learner Feedback
156,624,f362b96e-246e-474e-9ee1-1e6b1b793fae,2,3.0,77.80965,0.909020407,0.866515102,0.314285714,1008.911765,141.1764706,37.0,48.0,1.0,0.0,0.91248322,0.14137064,0.064259382,0.321296909,0.051406852,Tutor Feedback + Socially-Oriented Learner Feedback,5,0,4,500,590,0.95,0.4,0.9,0.6,0.775,0.605030431,0.771211756,0.359852538,0.2,0.909020407,0.971079767,0.1,0.166181325,-0.159852538,-0.06205936,Control,Control,Control,Tutor Feedback + Socially-Oriented Learner Feedback
157,625,f71f551d-37e7-44b5-b7da-b2b9ee272540,2,2.5,53.43616667,0.964871317,0.94822695,0.733333333,1559.4,96.91666667,31.5,3.5,1.0,1.0,0.617559269,0.093569586,0.037427834,0.187139172,0.025379861,Tutor Feedback + Socially-Oriented Learner Feedback,5,0,2,600,690,1.0,0.6,0.95,0.55,0.85,0.587429993,0.828044123,0.149711338,0.0,0.964871317,1.0,0.05,0.24061413,-0.149711338,-0.035128683,Control,Control,Control,Tutor Feedback + Socially-Oriented Learner Feedback
158,626,f902e214-060a-425d-9e53-61b4baba7811,7,2.333333333,77.3145,0.838720977,0.868286578,0.344827586,615.6428571,84.57894737,72.0,32.71428571,0.857142857,2.0,1.577970497,0.219881135,0.181078582,0.400959716,0.012403184,Tutor Feedback + Socially-Oriented Learner Feedback,4,0,4,400,490,0.714285714,0.4,0.82,0.4,0.575,0.715275104,0.654051347,0.297486241,0.467805481,0.838720977,0.916270291,0.017857143,-0.061223758,0.170319239,-0.077549313,Control,Control,Control,Tutor Feedback + Socially-Oriented Learner Feedback
159,627,f93d39e6-c079-4247-bc44-50665d44e3b7,3,2.0,102.196,0.977485377,0.97055849,0.37704918,764.375,89.81818182,63.25,14.82051282,1.0,2.0,1.133333333,0.044444444,0.055555556,0.266666667,1.92e-07,Tutor Feedback + Socially-Oriented Learner Feedback,4,0,3,400,490,0.7,0.425,0.733333333,0.4,0.6,0.745934209,0.843390165,0.222222222,0.132897858,0.977485377,0.998608683,0.0375,0.097455956,-0.089324364,-0.021123306,Control,Control,Control,Tutor Feedback + Socially-Oriented Learner Feedback
160,628,fc012fe6-7cd6-458e-9b30-574f6b4964d1,2,2.5,90.04398333,0.627040579,0.755822854,1.0,295.3939394,90.0952381,62.33333333,0.0,1.0,1.0,2.3,0.077777778,0.244444444,0.288888889,0.022224804,Tutor Feedback + Socially-Oriented Learner Feedback,4,0,0,600,690,0.95,0.45,1.0,0.5,0.9,0.716194511,0.814621709,0.177777778,0.094945937,0.627040579,0.967024944,0.2,0.098427198,-0.08283184,-0.339984365,Control,Control,Control,Tutor Feedback + Socially-Oriented Learner Feedback
161,629,fc0d9679-c4c6-4182-a714-fdca2a6bfddb,3,2.0,88.23066667,0.812200581,0.822286572,0.0,551.0655738,91.05714286,0.0,0.0,1.0,0.0,1.484744533,0.136007133,0.10200535,0.408021398,0.011332279,Tutor Feedback + Socially-Oriented Learner Feedback,5,0,0,500,590,0.966666667,0.475,0.866666667,0.466666667,0.825,0.690076869,0.631296744,0.170008916,0.105597034,0.812200581,0.907851577,0.104166667,-0.058780124,-0.064411882,-0.095650996,Control,Control,Control,Tutor Feedback + Socially-Oriented Learner Feedback
162,502,8fde1f7e-d7d9-49b1-8fa5-146dff31f7b8,2,2.0,68.8265,0.942236465,0.879774663,1.0,695.0512821,85.33333333,37.0,0.0,1.0,0.0,1.147813705,0.116234299,0.130763587,0.33417361,0.02916949,Tutor Feedback + Goal-Oriented Learner Feedback,3,0,1,600,690,1.0,0.566666667,1.0,0.4,0.8,0.741563029,0.565286757,0.130763587,0.694329885,0.942236465,0.780812913,0.016666667,-0.176276272,0.563566299,0.161423553,Control,Control,Control,Tutor Feedback + Socially-Oriented Learner Feedback
163,503,90a8610f-3ccb-4ca0-916d-7b8ef393cd7a,5,2.8,81.40283333,0.912421146,0.889053803,0.0,886.5957447,110.0454545,0.0,19.33333333,1.0,2.0,1.191604715,0.196553355,0.122845847,0.466814218,0.012234903,Tutor Feedback + Goal-Oriented Learner Feedback,5,0,0,600,690,0.9,0.58,0.925,0.76,0.85,0.753499214,0.644833419,0.39310671,0.311111111,0.912421146,0.874365305,0.11,-0.108665796,-0.081995599,0.038055841,Control,Control,Control,Tutor Feedback + Socially-Oriented Learner Feedback
164,504,94c9db34-9479-4b54-a6db-e12987a0b90a,2,2.5,90.882,0.949738514,0.917694933,0.37012987,552.2909091,64.32432432,30.66666667,17.4,1.0,0.0,1.311111111,0.1,0.077777778,0.411111111,0.0111113,Tutor Feedback + Goal-Oriented Learner Feedback,5,1,4,600,690,0.85,0.4,0.9,0.5,0.75,0.657959765,0.645203342,0.333333333,0.187074445,0.949738514,0.937078049,0.125,-0.012756423,-0.146258889,0.012660465,Control,Control,Control,Tutor Feedback + Socially-Oriented Learner Feedback
165,505,95ee26bc-15cd-4efe-b25f-a88dcece68a1,3,2.333333333,74.00683333,0.845200768,0.846551565,0.517857143,412.6304348,62.8877551,36.0,7.727272727,0.666666667,3.0,2.756502215,0.202683986,0.310782112,0.743174617,0.027025079,Tutor Feedback + Goal-Oriented Learner Feedback,4,1,1,500,590,0.766666667,0.433333333,0.8,0.6,0.9,0.679162756,0.721239989,0.310782112,0.425358547,0.845200768,0.70423906,0.3,0.042077233,0.114576435,0.140961709,Control,Control,Control,Tutor Feedback + Socially-Oriented Learner Feedback
166,506,97a6a986-e2c3-465e-8db2-cd2fe6b9d322,6,2.333333333,60.21883333,0.86039139,0.784918188,0.727848101,411.0571429,95.61111111,74.33333333,15.27272727,1.0,2.333333333,1.494549048,0.132848804,0.166061005,0.398546413,9.17e-07,Tutor Feedback + Goal-Oriented Learner Feedback,5,2,4,600,690,0.983333333,0.571428571,0.975,0.65,0.9,0.683949014,0.546177799,0.332122011,0.08458901,0.86039139,0.756178114,0.122619048,-0.137771216,-0.247533,0.104213276,Control,Control,Control,Tutor Feedback + Socially-Oriented Learner Feedback
167,507,a6304d24-9f33-45d9-bbe3-c31c3381c001,2,2.5,88.64933333,1.0,1.0,0.216463415,1707.0,0.0,87.5,40.6,0.0,0.5,0.586580835,0.045121603,0.033841202,0.214327613,0.011284513,Tutor Feedback + Goal-Oriented Learner Feedback,4,0,2,400,490,0.9,0.2,0.7,0.55,0.6,0.719725325,0.417866191,0.078962805,0.151705845,1.0,0.983408613,0.05,-0.301859134,0.07274304,0.016591387,Control,Control,Control,Tutor Feedback + Socially-Oriented Learner Feedback
168,508,a86922d7-4bbc-4bf9-8ed0-11f9ff8aae90,2,2.5,75.98983333,0.716747741,0.671724956,0.230769231,414.2678571,196.4727273,10.0,37.0,1.0,3.0,1.48704103,0.105277241,0.184235172,0.434268619,0.026129658,Tutor Feedback + Goal-Oriented Learner Feedback,5,0,0,500,590,0.9,0.3,0.9,0.633333333,0.8,0.673640524,0.578527013,0.250033447,0.257900403,0.716747741,0.749583439,0.2,-0.095113511,0.007866955,-0.032835698,Control,Control,Control,Tutor Feedback + Socially-Oriented Learner Feedback
169,509,aac030b7-511d-407f-bbb3-976997151ab3,8,2.5,84.62933333,0.941627721,0.894099849,0.0,701.826087,69.98,0.0,1.0,1.0,0.5,1.146174691,0.106346105,0.082713638,0.354487018,4.56e-07,Tutor Feedback + Goal-Oriented Learner Feedback,5,0,1,400,490,0.775,0.32,0.614285714,0.516666667,0.425,0.669620107,0.605620046,0.27177338,0.286484234,0.941627721,0.972956803,-0.1225,-0.064000061,0.014710854,-0.031329081,Control,Control,Control,Tutor Feedback + Socially-Oriented Learner Feedback
170,510,acb5eed4-8904-423e-80f9-65df70abaef4,1,2.0,73.02333333,0.909335842,0.872618603,0.0,343.245614,44.12280702,0.0,0.0,1.0,1.0,1.56114484,0.095859771,0.123248277,0.410827589,3.61e-07,Tutor Feedback + Goal-Oriented Learner Feedback,5,0,0,500,590,0.7,0.5,0.9,0.6,0.65,0.659901511,0.483610332,0.314967819,0.038226624,0.909335842,0.991903229,0.05,-0.176291179,-0.276741194,-0.082567387,Control,Control,Control,Tutor Feedback + Socially-Oriented Learner Feedback
171,511,b58d2947-aff0-4c18-8745-a8a142636036,4,2.5,83.88583333,0.910421778,0.895169579,1.0,680.6111111,62.67213115,46.0,0.0,1.0,1.25,1.394752789,0.107288676,0.095367712,0.381470848,0.011920928,Tutor Feedback + Goal-Oriented Learner Feedback,4,0,4,500,590,0.925,0.5,1.0,0.8,0.75,0.594781727,0.601723233,0.23841928,0.411111111,0.910421778,0.734919606,0.0375,0.006941505,0.172691831,0.175502172,Control,Control,Control,Tutor Feedback + Socially-Oriented Learner Feedback
172,512,b776b89b-c31c-49f8-babc-10bdd2c03afd,1,2.0,69.40248333,0.901332412,0.903788931,0.0,1181.636364,118.8181818,0.0,0.0,1.0,0.0,0.950974617,0.144087063,0.100860944,0.345808952,1.04e-06,Tutor Feedback + Goal-Oriented Learner Feedback,5,1,4,500,590,0.9,0.5,0.9,0.7,0.85,0.659202454,0.787699984,0.172904476,0.137889161,0.901332412,0.867124002,0.15,0.12849753,-0.035015315,0.03420841,Control,Control,Control,Tutor Feedback + Socially-Oriented Learner Feedback
173,513,b8c32ce6-a61f-4d6f-bccc-118465ff2d17,4,2.25,84.91466667,0.909829526,0.87054064,0.646153846,651.2978723,114.8055556,59.25,20.33333333,1.0,3.5,1.130546745,0.176647929,0.200200986,0.341519329,0.011783479,Tutor Feedback + Goal-Oriented Learner Feedback,5,1,3,400,490,0.725,0.566666667,0.775,0.275,0.7,0.740278954,0.769572579,0.353295858,0.15370132,0.909829526,0.982035347,0.054166667,0.029293626,-0.199594538,-0.072205821,Control,Control,Control,Tutor Feedback + Socially-Oriented Learner Feedback
174,514,bf1d488f-f7d0-4a1c-8e71-387270921660,4,2.25,94.673,0.983243306,0.971386647,0.315789474,623.3783784,65.125,84.66666667,15.62162162,0.75,2.25,0.944444444,0.077777778,0.088888889,0.233333333,9.05e-08,Tutor Feedback + Goal-Oriented Learner Feedback,4,1,1,400,490,0.675,0.375,0.7,0.45,0.833333333,0.843485162,0.695027189,0.155555556,0.161777831,0.983243306,0.996157144,0.308333333,-0.148457973,0.006222275,-0.012913839,Control,Control,Control,Tutor Feedback + Socially-Oriented Learner Feedback
175,515,c0580ceb-fc17-4a15-8d87-d8728d7c0aaa,1,2.0,76.70765,0.910087036,0.88025974,0.0,486.3965517,59.10526316,0.0,0.0,1.0,0.0,1.499198581,0.169474622,0.130365094,0.456277829,0.013036881,Tutor Feedback + Goal-Oriented Learner Feedback,4,0,2,500,590,0.8,0.35,0.95,0.65,0.85,0.795696266,0.803893015,0.378058772,0.37823231,0.910087036,0.957017203,0.275,0.008196749,0.000173538,-0.046930168,Control,Control,Control,Tutor Feedback + Socially-Oriented Learner Feedback
176,516,c952d42f-8a2d-411d-b724-1fb31f92a7c9,1,3.0,43.05548333,0.935234958,0.888269795,0.0,669.65,72.45,0.0,0.0,1.0,1.0,0.929033816,0.069677536,0.092903382,0.2554843,2.77e-07,Tutor Feedback + Goal-Oriented Learner Feedback,5,0,1,500,590,1.0,0.425,0.9,0.7,0.7625,0.679284394,0.747936404,0.116129227,0.0,0.935234958,0.977624461,0.05,0.068652011,-0.116129227,-0.042389502,Control,Control,Control,Tutor Feedback + Socially-Oriented Learner Feedback
177,517,d1fb8f3e-fa4f-45f2-a548-2822933a88b8,2,2.5,68.98266667,0.931044381,0.910038486,0.0,630.025641,57.15384615,0.0,0.0,1.0,7.5,1.130718828,0.144963952,0.072481976,0.449388252,3.62e-07,Tutor Feedback + Goal-Oriented Learner Feedback,4,0,4,400,490,0.55,0.25,0.666666667,0.366666667,0.425,0.728556227,0.796650373,0.376906276,0.325392681,0.931044381,0.96895695,0.025,0.068094146,-0.051513595,-0.037912568,Control,Control,Control,Tutor Feedback + Socially-Oriented Learner Feedback
178,518,d88ada1e-0fda-47bc-abb4-af52db19db0d,4,2.25,87.02166667,0.938249368,0.921259843,0.468277946,585.8653846,86.89285714,69.71428571,28.875,1.0,1.5,1.275544405,0.183862257,0.045965564,0.379215904,0.034475271,Tutor Feedback + Goal-Oriented Learner Feedback,4,0,2,400,490,0.775,0.666666667,0.78,0.46,0.45,0.775665963,0.645330324,0.367724513,0.189252956,0.938249368,0.977485295,-0.270833333,-0.130335639,-0.178471558,-0.039235927,Control,Control,Control,Tutor Feedback + Socially-Oriented Learner Feedback
179,519,dfb868c6-8011-47ee-ae36-56039d9d2e51,9,2.375,52.6445,0.955536672,0.940591433,0.0,1614.0,88.63157895,0.0,15.0,0.888888889,0.0,0.816799476,0.037990673,0.075981347,0.17095803,0.018995089,Tutor Feedback + Goal-Oriented Learner Feedback,4,0,4,600,690,0.966666667,0.5,0.928571429,0.716666667,0.883333333,0.668532119,0.57315473,0.22794404,0.039308099,0.955536672,0.993734418,0.15,-0.095377389,-0.188635941,-0.038197745,Control,Control,Control,Tutor Feedback + Socially-Oriented Learner Feedback
180,520,e5798e91-42e9-4031-9a99-b20bde941f73,2,3.0,52.13316667,0.906523386,0.916325336,0.0,698.8157895,55.81081081,0.0,37.0,1.0,6.0,1.476986819,0.268543058,0.134271529,0.537086116,0.037330689,Tutor Feedback + Goal-Oriented Learner Feedback,4,0,4,600,690,0.85,0.6,1.0,0.65,0.883333333,0.752403842,0.539885403,0.632994351,0.35351805,0.906523386,0.848660308,0.158333333,-0.212518438,-0.279476301,0.057863078,Control,Control,Control,Tutor Feedback + Socially-Oriented Learner Feedback
181,521,e98dd6ac-6e92-47c8-bd68-fc54b7ff2961,2,3.0,71.5505,0.67986215,0.672008068,1.0,274.8241758,126.2173913,97.0,0.0,1.0,0.5,2.571610261,0.195665998,0.251570569,0.545069566,0.041949487,Tutor Feedback + Goal-Oriented Learner Feedback,5,1,1,500,590,0.8,0.54,0.975,0.62,0.825,0.677566575,0.756861562,0.279522854,0.345477456,0.67986215,0.969335228,0.155,0.079294987,0.065954602,-0.289473078,Control,Control,Control,Tutor Feedback + Socially-Oriented Learner Feedback
182,522,e9a490d1-a346-4208-99b0-736196ce6468,4,2.25,76.44233333,0.932994826,0.914921813,0.867768595,784.3714286,98.0,64.4,1.666666667,1.0,0.5,1.020377016,0.143899323,0.026163513,0.353207429,0.037777434,Tutor Feedback + Goal-Oriented Learner Feedback,5,0,4,600,690,0.975,0.671428571,1.0,0.775,0.95,0.713140857,0.624707188,0.379370942,0.014327233,0.932994826,0.986066618,0.126785714,-0.088433668,-0.365043709,-0.053071792,Control,Control,Control,Tutor Feedback + Socially-Oriented Learner Feedback
183,523,ee640220-5d3c-413b-8395-45e6bd40de3b,3,2.0,76.258,0.937745838,0.858411993,0.0,505.0810811,63.64444444,0.0,47.0,1.0,0.666666667,1.088410396,0.052453513,0.091793648,0.183587296,0.039132837,Tutor Feedback + Goal-Oriented Learner Feedback,5,0,0,600,690,0.866666667,0.4,0.95,0.5,0.9,0.62114287,0.544757758,0.091793648,0.014471504,0.937745838,0.986873866,0.266666667,-0.076385112,-0.077322144,-0.049128028,Control,Control,Control,Tutor Feedback + Socially-Oriented Learner Feedback
184,524,f04d2069-c3cb-47e1-bc68-edc742785e81,3,2.333333333,76.30983333,0.846570781,0.784808843,0.0,371.4457831,92.06024096,0.0,16.0,1.0,1.333333333,2.253969017,0.144149181,0.288298363,0.445552015,0.039932751,Tutor Feedback + Goal-Oriented Learner Feedback,4,0,0,500,590,0.9,0.55,0.95,0.6,0.866666667,0.699694246,0.699698377,0.183462594,0.086343714,0.846570781,0.871976932,0.141666667,4.13e-06,-0.097118881,-0.025406151,Control,Control,Control,Tutor Feedback + Socially-Oriented Learner Feedback
185,525,f0e05caf-5058-4955-8c13-64386f602932,2,2.0,76.40916667,0.744147638,0.87073055,0.161904762,337.673913,62.88888889,60.0,27.0,1.0,0.5,2.408088035,0.15704922,0.248661264,0.497322529,5.69e-07,Tutor Feedback + Goal-Oriented Learner Feedback,4,0,1,500,590,0.95,0.5,0.875,0.6,0.833333333,0.683172582,0.836220173,0.170136655,0.081610145,0.744147638,0.919757653,0.108333333,0.153047591,-0.08852651,-0.175610014,Control,Control,Control,Tutor Feedback + Socially-Oriented Learner Feedback
186,526,f22bb9f7-4c26-460c-873c-7d99c3276bab,3,2.333333333,84.6175,0.859650727,0.775203707,0.902439024,246.9518072,61.94117647,57.0,2.0,1.0,1.666666667,2.032676456,0.12999675,0.2599935,0.508169114,0.030864612,Tutor Feedback + Goal-Oriented Learner Feedback,4,0,1,400,490,0.633333333,0.35,0.7,0.3,0.675,0.666872688,0.669145696,0.189086182,0.244444444,0.859650727,0.969954689,0.183333333,0.002273008,0.055358263,-0.110303961,Control,Control,Control,Tutor Feedback + Socially-Oriented Learner Feedback
187,527,f8b069d8-560e-497a-a874-efedf955fd51,3,2.666666667,66.62498333,0.946086432,0.909078034,0.24691358,901.0,119.8695652,54.0,20.0,0.666666667,1.0,0.990619385,0.195122,0.105065692,0.240150154,0.029994259,Tutor Feedback + Goal-Oriented Learner Feedback,5,0,4,500,590,0.866666667,0.475,0.933333333,0.725,0.85,0.86080341,0.72756088,0.180112615,0.293861787,0.946086432,0.951781435,0.179166667,-0.13324253,0.113749172,-0.005695003,Control,Control,Control,Tutor Feedback + Socially-Oriented Learner Feedback
188,528,fc6ad25c-b607-4286-92a7-aec105d6dfdd,5,2.6,86.594,0.862217397,0.856288727,0.104347826,413.325,82.953125,38.0,17.63636364,1.0,3.2,1.928540084,0.242511028,0.184770307,0.577407211,0.046164116,Tutor Feedback + Goal-Oriented Learner Feedback,5,0,4,500,590,0.9,0.557142857,0.9,0.52,0.825,0.772295008,0.740639932,0.323348038,0.133333333,0.862217397,0.907204216,0.096428571,-0.031655075,-0.190014705,-0.044986819,Control,Control,Control,Tutor Feedback + Socially-Oriented Learner Feedback
189,529,fcf47a39-44ec-488b-9a99-a72c6f02bdf8,6,2.666666667,80.0785,0.919594614,0.88686606,0.333333333,726.3846154,86.36734694,38.0,21.8,0.833333333,5.166666667,1.336188865,0.17482845,0.112389718,0.399607885,0.012489097,Tutor Feedback + Goal-Oriented Learner Feedback,5,0,0,500,590,0.9,0.571428571,0.92,0.55,0.82,0.74113575,0.746051786,0.149852957,0.083348217,0.919594614,0.994025493,0.084285714,0.004916036,-0.06650474,-0.074430878,Control,Control,Control,Tutor Feedback + Socially-Oriented Learner Feedback
190,530,ff982f1c-adbc-4dcd-8aad-16978857f4f5,4,2.5,74.81966667,0.968327633,0.95377129,0.176211454,1105.818182,79.30769231,108.0,73.7826087,1.0,1.75,0.801928192,0.093558289,0.01336547,0.227212988,0.013322707,Tutor Feedback + Goal-Oriented Learner Feedback,5,0,3,600,690,0.95,0.64,0.96,0.82,0.9375,0.681198281,0.77548383,0.133654699,0.232136842,0.968327633,0.881523734,0.1425,0.094285549,0.098482144,0.086803899,Control,Control,Control,Tutor Feedback + Socially-Oriented Learner Feedback
